Диван,Цена,Ссылка
Диван Нумо Velvet Yellow,35990,https://www.divan.ru/product/divan-numo-velvet-yellow
Диван Тут Рядом Дом Серо-графитовый,69990,https://www.divan.ru/product/divan-tut-ryadom-dom-sero-grafitovyj
Диван угловой Ройн Мини Velvet Olive,39990,https://www.divan.ru/product/divan-uglovoj-rojn-mini-velvet-olive
Диван угловой Эби-1 Velvet Coral,69990,https://www.divan.ru/product/divan-uglovoj-ebi-1-velvet-coral
Диван Бруквиль Velvet Blue,46990,https://www.divan.ru/product/divan-brukvil-velvet-blue
Диван Тут Рядом Космос Светло-Бежевый,109990,https://www.divan.ru/product/divan-tut-ryadom-kosmos-svetlo-bejevyj
Диван Линс Velvet Navy Blue,26990,https://www.divan.ru/product/divan-lins-velvet-navy-blue
Диван Нумо Мини Textile Yellow,22990,https://www.divan.ru/product/divan-numo-mini-textile-yellow
Диван Байма Velvet Grey,66990,https://www.divan.ru/product/divan-bajma-velvet-grey
Диван угловой Беллер Textile Yellow,36990,https://www.divan.ru/product/divan-uglovoj-beller-textile-yellow
Диван Нумо Velvet Grafit,35990,https://www.divan.ru/product/divan-numo-velvet-grafit
Диван Роттердам Velvet Yellow,23990,https://www.divan.ru/product/divan-rotterdam-velvet-yellow
Диван Сваут Velvet Grey,62990,https://www.divan.ru/product/divan-svaut-velvet-grey
Диван Линс Velvet Grafit,26990,https://www.divan.ru/product/divan-lins-velvet-grafit
Диван Рейли Velvet Coral,29990,https://www.divan.ru/product/divan-rejli-velvet-coral
Диван угловой Дарол Happy Grey,59990,https://www.divan.ru/product/divan-uglovoj-darol-happy-grey
Диван Коренс Happy Grey,28990,https://www.divan.ru/product/divan-korens-happy-grey
Диван угловой Шера Velvet Light,99990,https://www.divan.ru/product/divan-uglovoj-shera-velve-light
Диван Види Textile Ocean,22990,https://www.divan.ru/product/divan-vidi-textile-ocean
Диван угловой Нумо Velvet Yellow,44990,https://www.divan.ru/product/divan-uglovoj-numo-velvet-yellow
Диван Тут Рядом Дом Сине-бежевый,69990,https://www.divan.ru/product/divan-tut-ryadom-dom-sine-bejevyj
Диван Сваут Velvet Mustard,62990,https://www.divan.ru/product/divan-svaut-velvet-mustard
Модульный диван Сэндж 2 Textile Yellow,55970,https://www.divan.ru/product/modulnyj-divan-sendj-2-textile-yellow
Диван Нумо Мини Textile Light,22990,https://www.divan.ru/product/divan-numo-mini-textile-light
Диван Рейли Velvet Mint,29990,https://www.divan.ru/product/divan-rejli-velvet-mint
Диван Бонс-Т Happy Yellow,39990,https://www.divan.ru/product/divan-bons-t-happy-yellow
Диван Риббл-2 Bucle Lilac,62990,https://www.divan.ru/product/divan-ribbl-2-bucle-lilac
Диван угловой Маркфул Velvet Ocean,76990,https://www.divan.ru/product/divan-uglovoj-markful-velvet-ocean
Диван угловой Нумо Velvet Grey,44990,https://www.divan.ru/product/divan-uglovoj-numo-velvet-grey
Диван Лонди Mima Pink,82990,https://www.divan.ru/product/divan-londi-mima-pink
Диван угловой Аронт Мини Velvet Light,49990,https://www.divan.ru/product/divan-uglovoj-aront-mini-velvet-light
Диван угловой Шера Velvet Olive,99990,https://www.divan.ru/product/divan-uglovoj-shera-velvet-olive
Диван Тут Рядом Дом Розовый,69990,https://www.divan.ru/product/divan-tut-ryadom-dom-rozovyj
Диван угловой Шера Velvet Terra,99990,https://www.divan.ru/product/divan-uglovoj-shera-velvet-terra
Диван Самми Velvet Grey,26990,https://www.divan.ru/product/divan-sammi-velvet-grey
Диван угловой Аронт Мини Velvet Smoke,49990,https://www.divan.ru/product/divan-uglovoj-aront-mini-velvet-smoke
Диван Тут Рядом Космос Серый,109990,https://www.divan.ru/product/divan-tut-ryadom-kosmos-seryj
Модульный диван Риббл-3 Bucle Forest,141970,https://www.divan.ru/product/modulnyj-divan-ribbl-3-bucle-forest
Диван угловой Шера Velvet Blue,99990,https://www.divan.ru/product/divan-uglovoj-shera-velvet-blue
Диван Арклоу Cozy Ivory,44990,https://www.divan.ru/product/divan-arklou-cozy-ivory
Модульный диван Brera-3 Velour Night,104970,https://www.divan.ru/product/modulnyj-divan-brera-3-velour-night
Диван Ларонсо Textile Night,84990,https://www.divan.ru/product/divan-laronso-textile-night
Диван Тут Рядом Космос Графитовый,109990,https://www.divan.ru/product/divan-tut-ryadom-kosmos-grafitovyj
Диван Рон Textile Beige,46990,https://www.divan.ru/product/divan-ron-textile-beige
Диван угловой Биани-2 Barhat Olive,94990,https://www.divan.ru/product/divan-uglovoj-biani-2-barhat-olive
Диван Марей Soft Olive,89990,https://www.divan.ru/product/divan-marej-soft-olive
Модульный диван Этен 4 Vertical Mix,183920,https://www.divan.ru/product/modulnyj-divan-eten-4-vertical-mix
Диван Лофт Linia Ginger,39990,https://www.divan.ru/product/divan-loft-linia-ginger
Диван угловой Лаберт Barhat Beige,99990,https://www.divan.ru/product/divan-uglovoj-labert-barhat-beige
Модульный диван Brera-8 Velour Olive,117970,https://www.divan.ru/product/modulnyj-divan-brera-8-velour-olive
Диван Риард-3 Land Marsala,44990,https://www.divan.ru/product/divan-riard-3-land-marsala
Диван Лонди Bucle Galaxy,49990,https://www.divan.ru/product/divan-londi-bucle-galaxy
Модульный диван Brera-2 Velour Mix,99980,https://www.divan.ru/product/modulnyj-divan-brera-2-velour-mix
Диван Динс Мини Velvet Silver,46990,https://www.divan.ru/product/divan-dins-mini-velvet-silver
Диван Льери Time Melon,84990,https://www.divan.ru/product/divan-leri-time-melon
Диван угловой Лилле Velvet Terra,54990,https://www.divan.ru/product/divan-uglovoj-lille-velvet-terra
Диван угловой Аронт Мини Velvet Pink,49990,https://www.divan.ru/product/divan-uglovoj-aront-mini-velvet-pink
Диван угловой Биани-1 Barhat Olive,72990,https://www.divan.ru/product/divan-uglovoj-biani-1-barhat-olive
Диван Рон Textile Grey,49990,https://www.divan.ru/product/divan-ron-textile-grey
Диван угловой Лаберт Barhat Forest,99990,https://www.divan.ru/product/divan-uglovoj-labert-barhat-forest
Диван Марей Soft Navy Blue,89990,https://www.divan.ru/product/divan-marej-soft-navy-blue
Диван Риард-3 Land Sky,44990,https://www.divan.ru/product/divan-riard-3-land-sky
Диван Шилдс Bucle Marble,69990,https://www.divan.ru/product/divan-shilds-bucle-marble
Модульный диван Brera-6 Velour Caramel,166960,https://www.divan.ru/product/modulnyj-divan-brera-6-velour-caramel
Диван Марей Soft Grey,89990,https://www.divan.ru/product/divan-marej-soft-grey
Диван Ларонсо Bucle Shadow,84990,https://www.divan.ru/product/divan-laronso-bucle-shadow
Диван Лачи Velvet Pink,25990,https://www.divan.ru/product/divan-lachi-velvet-pink
Диван Риард-3 Land Black,44990,https://www.divan.ru/product/divan-riard-3-land-black
Диван Рон Textile Light,49990,https://www.divan.ru/product/divan-ron-textile-light
Диван Лофт Linia Nut,39990,https://www.divan.ru/product/divan-loft-linia-nut
Модульный диван Этен 2 Vertical Jeance,133940,https://www.divan.ru/product/modulnyj-divan-eten-2-vertical-jeance
Диван Биани Barhat Ginger,59990,https://www.divan.ru/product/divan-biani-barhat-ginger
Модульный диван Brera-6 Velour Beige,166960,https://www.divan.ru/product/modulnyj-divan-brera-6-velour-beige
Диван Марей Soft Gold,89990,https://www.divan.ru/product/divan-marej-soft-gold
Диван угловой Вайвел Barhat Ginger,89990,https://www.divan.ru/product/divan-uglovoj-vajvel-barhat-ginger
Диван Динс Velvet Milk,44990,https://www.divan.ru/product/divan-dins-velvet-milk
Модульный диван Полан-1 Velvet Terra,65970,https://www.divan.ru/product/modulnyj-divan-polan-1-velvet-terra
Диван Ольен Velvet Honey,62990,https://www.divan.ru/product/divan-olen-velvet-honey
Диван Риард-2 Land Stone,36990,https://www.divan.ru/product/divan-riard-2-land-stone
Диван Марей Soft Latte,89990,https://www.divan.ru/product/divan-marej-soft-latte
Модульный диван Этен 1 Vertical Milk,103950,https://www.divan.ru/product/modulnyj-divan-eten-1-vertical-milk
Диван угловой Вайвел Barhat Forest,89990,https://www.divan.ru/product/divan-uglovoj-vajvel-barhat-forest
Диван угловой Виена Velvet Eclipse,59990,https://www.divan.ru/product/divan-uglovoj-viena-velvet-eclipse
Диван Рон Textile Ocean,49990,https://www.divan.ru/product/divan-ron-textile-ocean
Модульный диван Brera-5 Velour Galaxy,109980,https://www.divan.ru/product/modulnyj-divan-brera-5-velour-galaxy
Диван Марей Soft Ginger,89990,https://www.divan.ru/product/divan-marej-soft-ginger
Диван Brera Velour Cinnamon,89990,https://www.divan.ru/product/divan-brera-velour-cinnamon
Диван Риард-3 Land Stone,44990,https://www.divan.ru/product/divan-riard-3-land-stone
Модульный диван Этен Vertical Jeans,73960,https://www.divan.ru/product/modulnyj-divan-eten-vertical-jeance
Диван угловой Вайвел Barhat Blue,89990,https://www.divan.ru/product/divan-uglovoj-vajvel-barhat-blue
Диван Рон Textile Plum,49990,https://www.divan.ru/product/divan-ron-textile-plum
Диван Сите-3 Velvet Smoke,32990,https://www.divan.ru/product/divan-site-3-velvet-smoke
Диван угловой Эдвин Velvet Smoke,69990,https://www.divan.ru/product/divan-uglovoj-edvin-velvet-smoke
Диван угловой Шера Velvet Grey,99990,https://www.divan.ru/product/divan-uglovoj-shera-velvet-grey
Диван Арклоу Soft Silver,49990,https://www.divan.ru/product/divan-arklou-soft-silver
Диван угловой Вайвел Barhat Beige,89990,https://www.divan.ru/product/divan-uglovoj-vajvel-barhat-beige
Диван Сите-3 Velvet Eclipse,32990,https://www.divan.ru/product/divan-site-3-velvet-eclipse
Диван Слипсон Мини Linia Grafit,52990,https://www.divan.ru/product/divan-slipson-mini-linia-grafit
Модульный диван Этен 1 Vertical Pink,103950,https://www.divan.ru/product/modulnyj-divan-eten-1-vertical-pink
Модульный диван Brera-4 Velour Plum,152970,https://www.divan.ru/product/modulnyj-divan-brera-4-velour-plum
Диван угловой Эдвин Velvet Blue,69990,https://www.divan.ru/product/divan-uglovoj-edvin-velvet-blue
Диван Рон Textile Yellow,49990,https://www.divan.ru/product/divan-ron-textile-yellow
Диван Тилар Textile Grafit,27990,https://www.divan.ru/product/divan-tilar-textile-grafit
Диван Сите-3 Velvet Blue,32990,https://www.divan.ru/product/divan-site-3-velvet-blue
Диван угловой Вайвел Barhat Grafit,89990,https://www.divan.ru/product/divan-uglovoj-vajvel-barhat-grafit
Модульный диван Этен 3 Vertical Jeans,127940,https://www.divan.ru/product/modulnyj-divan-eten-3-vertical-jeans
Диван Сорен Textile Yellow,56990,https://www.divan.ru/product/divan-soren-textile-yellow
Диван угловой Биани-2 Velvet Smoke,94990,https://www.divan.ru/product/divan-uglovoj-biani-2-velvet-smoke
Диван угловой Вайвел Barhat Caramel,89990,https://www.divan.ru/product/divan-uglovoj-vajvel-barhat-caramel
Диван угловой Майнап Velvet Latte,46990,https://www.divan.ru/product/divan-uglovoj-majnap-velvet-latte
Диван Бруквиль Velvet Smoke,46990,https://www.divan.ru/product/divan-brukvil-velvet-smoke
Модульный диван Этен 4 Vertical Milk,183920,https://www.divan.ru/product/modulnyj-divan-eten-4-vertical-milk
Диван угловой Биани-1 Velvet Smoke,72990,https://www.divan.ru/product/divan-uglovoj-biani-1-velvet-smoke
Диван угловой Эдвин Velvet Stone,69990,https://www.divan.ru/product/divan-uglovoj-edvin-velvet-stone
Диван угловой Лаберт Barhat Grafit,99990,https://www.divan.ru/product/divan-uglovoj-labert-barhat-grafit
Диван Боско-2 Land Blue,36990,https://www.divan.ru/product/divan-bosko-2-land-blue
Диван угловой Вайвел Barhat Night,89990,https://www.divan.ru/product/divan-uglovoj-vajvel-barhat-night
Модульный диван Brera-3 Velour Cinnamon,104970,https://www.divan.ru/product/modulnyj-divan-brera-3-velour-cinnamon
Диван Кинси-2 Land Navy Blue,46990,https://www.divan.ru/product/divan-kinsi-2-land-navy-blue
Диван Байма Velvet Olive,66990,https://www.divan.ru/product/divan-bajma-velvet-olive
Диван угловой Льери Мини Velvet Yellow,66990,https://www.divan.ru/product/divan-uglovoj-leri-mini-velvet-yellow
Модульный диван Этен 3 Vertical Mix,127940,https://www.divan.ru/product/modulnyj-divan-eten-3-vertical-mix-old-07-12-2023
Диван угловой Аронт Мини Velvet Terra,49990,https://www.divan.ru/product/divan-uglovoj-aront-mini-velvet-terra
Диван Боско-3 Land Blue,46990,https://www.divan.ru/product/divan-bosko-3-land-blue
Диван Массе Bucle Galaxy,64990,https://www.divan.ru/product/divan-masse-bucle-galaxy
Диван Кинси-3 Land Navy Blue,54990,https://www.divan.ru/product/divan-kinsi-3-land-navy-blue
Диван Сите-2 Velvet Smoke,26990,https://www.divan.ru/product/divan-site-2-velvet-smoke
Диван Массе Velvet Pink,56990,https://www.divan.ru/product/divan-masse-velvet-pink
Диван угловой Эдвин Velvet Moss,69990,https://www.divan.ru/product/divan-uglovoj-edvin-velvet-moss
Диван Динс Мини Velvet Red,46990,https://www.divan.ru/product/divan-dins-mini-velvet-red
Модульный диван Этен 2 Vertical Milk,133940,https://www.divan.ru/product/modulnyj-divan-eten-2-vertical-milk
Диван Виенсо Bucle Smoky,66990,https://www.divan.ru/product/divan-vienso-bucle-smoky
Модульный диван Brera-2 Velour Lilac,99980,https://www.divan.ru/product/modulnyj-divan-brera-2-velour-lilac
Диван Боско-3 Land Terra,46990,https://www.divan.ru/product/divan-bosko-3-land-terra
Диван угловой Виена Bucle White,69990,https://www.divan.ru/product/divan-uglovoj-viena-bucle-white
Диван угловой Эби-1 Soft Grafit,99900,https://www.divan.ru/product/divan-uglovoj-abi-1-soft-grafit
Модульный диван Этен 3 Vertical Milk,127940,https://www.divan.ru/product/modulnyj-divan-eten-3-vertical-milk
Диван угловой Льери Мини Velvet Blue,66990,https://www.divan.ru/product/divan-uglovoj-leri-mini-velvet-blue
Диван Сите-2 Velvet Eclipse,26990,https://www.divan.ru/product/divan-site-2-velvet-eclipse
Диван угловой Биани-1 Barhat Blue,72990,https://www.divan.ru/product/divan-uglovoj-biani-1-barhat-blue
Диван угловой Байвин-1 Soft Olive,72990,https://www.divan.ru/product/divan-uglovoj-bajvin-1-soft-olive
Диван Динс Мини Velvet Latte,46990,https://www.divan.ru/product/divan-dins-mini-velvet-latte
Диван Мона Velvet Grey,25990,https://www.divan.ru/product/divan-mona-velvet-grey
Модульный диван Полан-2 Velvet Smoke,83960,https://www.divan.ru/product/modulnyj-divan-polan-2-velvet-smoke
Диван Маре Мини Velvet Beige,26990,https://www.divan.ru/product/divan-mare-mini-velvet-beige
Диван Сторм Land Forest,52990,https://www.divan.ru/product/divan-storm-land-forest
Модульный диван Brera-1 Velour Caramel,192950,https://www.divan.ru/product/modulnyj-divan-brera-1-velour-caramel
Диван Аркет-2 Velvet Yellow,32990,https://www.divan.ru/product/divan-arket-2-velvet-yellow-new
Диван угловой Эби-2 Velvet Coral,94990,https://www.divan.ru/product/divan-uglovoj-ebi-2-velvet-coral
Диван Кинси-2 Land Light,46990,https://www.divan.ru/product/divan-kinsi-2-land-light
Диван угловой Ройн Мини Velvet Grey,39990,https://www.divan.ru/product/divan-uglovoj-rojn-mini-velvet-grey
Диван Биани Barhat Night,59990,https://www.divan.ru/product/divan-biani-barhat-night
Модульный диван Этен 1 Vertical Mix,103950,https://www.divan.ru/product/modulnyj-divan-eten-1-vertical-mix
Диван Виенсо Bucle Cloud,66990,https://www.divan.ru/product/divan-vienso-bucle-cloud
Диван угловой Льери Мини Velvet Grey,66990,https://www.divan.ru/product/divan-uglovoj-leri-mini-velvet-grey
Диван Арклоу Soft Ginger,49990,https://www.divan.ru/product/divan-arklou-soft-ginger
Диван Данста Velvet Mint,56990,https://www.divan.ru/product/divan-dansta-velvet-mint
Диван Сторм Land Yellow,52990,https://www.divan.ru/product/divan-storm-land-yellow
Диван Биани Barhat Olive,59990,https://www.divan.ru/product/divan-biani-barhat-olive
Диван Сторм Land Milk,52990,https://www.divan.ru/product/divan-storm-land-milk
Диван Роттердам-3 Cozy White,46990,https://www.divan.ru/product/divan-rotterdam-3-cozy-white
Диван Кинси-3 Land Light,54990,https://www.divan.ru/product/divan-kinsi-3-land-light
Диван Бонент Velvet Smoke,69990,https://www.divan.ru/product/divan-bonent-velvet-smoke
Диван Шилдс Bucle Silver,69990,https://www.divan.ru/product/divan-shilds-bucle-silver
Диван угловой Льери Мини Velvet Coral,66990,https://www.divan.ru/product/divan-uglovoj-leri-mini-velvet-coral
Диван Хевит Velvet Eclipse,34990,https://www.divan.ru/product/divan-hevit-velvet-eclipse
Диван Лави Velvet Pink,36990,https://www.divan.ru/product/divan-lavi-velvet-pink
Модульный диван Brera-2 Velour Cherry,99980,https://www.divan.ru/product/modulnyj-divan-brera-2-velour-cherry
Диван Сторм Land Grey,52990,https://www.divan.ru/product/divan-storm-land-grey
Модульный диван Этен Vertical Milk,73960,https://www.divan.ru/product/modulnyj-divan-eten-vertical-milk
Модульный диван Полан-1 Velvet Ocean,65970,https://www.divan.ru/product/modulnyj-divan-polan-1-velvet-ocean
Диван угловой Льери Time Melon,99990,https://www.divan.ru/product/divan-uglovoj-leri-time-melon
Диван Маре Мини Velvet Emerald,26990,https://www.divan.ru/product/divan-mare-mini-velvet-emerald-new
Диван угловой Шера Velvet Smoke,99990,https://www.divan.ru/product/divan-uglovoj-shera-velvet-smoke
Диван угловой Байвин-2 Soft Latte,94990,https://www.divan.ru/product/divan-uglovoj-bajvin-2-soft-latte
Диван Сторм Land Latte,52990,https://www.divan.ru/product/divan-storm-land-latte
Диван Рейли Velvet Yellow,29990,https://www.divan.ru/product/divan-rejli-velvet-yellow
Модульный диван Полан-2 Cozy Ivory,101960,https://www.divan.ru/product/modulnyj-divan-polan-2-cozy-ivory
Диван угловой Дисент-2 Velvet Stone,99990,https://www.divan.ru/product/divan-uglovoj-disent-2-velvet-stone
Диван угловой Харинг Soft Milk,89990,https://www.divan.ru/product/divan-uglovoj-haring-soft-milk
Диван Дисент Velvet Stone,74990,https://www.divan.ru/product/divan-disent-velvet-stone
Диван Льери Мини Velvet Atlantic,56990,https://www.divan.ru/product/divan-leri-mini-velvet-atlantic
Диван Маре Мини Velvet Blue,26990,https://www.divan.ru/product/divan-mare-mini-velvet-blue
Модульный диван Полан-2 Velvet Ocean,83960,https://www.divan.ru/product/modulnyj-divan-polan-2-velvet-ocean
Диван Эби Soft Grafit,89990,https://www.divan.ru/product/divan-abi-soft-grafit
Диван Ниса Land Light,42990,https://www.divan.ru/product/divan-nisa-land-light
Диван Виена Velvet Blue,56990,https://www.divan.ru/product/divan-viena-velvet-blue
Диван угловой Льери Мини Velvet Emerald,66990,https://www.divan.ru/product/divan-uglovoj-leri-mini-velvet-emerald
Диван угловой Эдвин Velvet Terra,69990,https://www.divan.ru/product/divan-uglovoj-edvin-velvet-terra
Диван Роттердам Cozy Milk,25990,https://www.divan.ru/product/divan-rotterdam-cozy-milk
Диван Рейли Velvet Emerald,29990,https://www.divan.ru/product/divan-rejli-velvet-emerald
Модульный диван Полан-4 Velvet Ocean,91960,https://www.divan.ru/product/modulnyj-divan-polan-4-velvet-ocean
Диван угловой Лаберт Barhat Olive,99990,https://www.divan.ru/product/divan-uglovoj-labert-barhat-olive
Диван угловой Аронт Мини Velvet Olive,49990,https://www.divan.ru/product/divan-uglovoj-aront-mini-velvet-olive
Диван угловой Ройн Мини Velvet Terra,39990,https://www.divan.ru/product/divan-uglovoj-rojn-mini-velvet-terra
Диван Brera Velour Stone,89990,https://www.divan.ru/product/divan-brera-velour-stone
Диван Ниса Land Stone,42990,https://www.divan.ru/product/divan-nisa-land-stone
Диван угловой Амрано Velvet Terra,39990,https://www.divan.ru/product/divan-uglovoj-amrano-velvet-terra
Диван Сите-2 Velvet Blue,26990,https://www.divan.ru/product/divan-site-2-velvet-blue
Диван Ниса Land Marsala,42990,https://www.divan.ru/product/divan-nisa-land-marsala
Диван Мона Velvet Blue,25990,https://www.divan.ru/product/divan-mona-velvet-blue
Диван Сваут Velvet Beige,62990,https://www.divan.ru/product/divan-svaut-velvet-beige
Диван Арклоу Soft Beige,49990,https://www.divan.ru/product/divan-arklou-soft-beige
Диван Сите-3 Velvet Coral,32990,https://www.divan.ru/product/divan-site-3-velvet-coral
Диван угловой Льери Мини Velvet Light,66990,https://www.divan.ru/product/divan-uglovoj-leri-mini-velvet-light
Диван угловой Эби-2 Velvet Light,94990,https://www.divan.ru/product/divan-uglovoj-ebi-2-velvet-light
Модульный диван Brera-3 Velour Lilac,104970,https://www.divan.ru/product/modulnyj-divan-brera-3-velour-lilac
Диван Ниса Land Navy Blue,42990,https://www.divan.ru/product/divan-nisa-land-navy-blue
Диван угловой Льери Мини Velvet Terra,66990,https://www.divan.ru/product/divan-uglovoj-leri-mini-velvet-terra
Модульный диван Полан-3 Velvet Ocean,66960,https://www.divan.ru/product/modulnyj-divan-polan-3-velvet-ocean
Диван Тут Рядом Космос Бежевый,109990,https://www.divan.ru/product/divan-tut-ryadom-kosmos-bejevyj
Модульный диван Полан-2 Velvet Mint,83960,https://www.divan.ru/product/modulnyj-divan-polan-2-velvet-mint
Диван Боско-2 Land Forest,36990,https://www.divan.ru/product/divan-bosko-2-land-forest
Диван Хевит Velvet Yellow,34990,https://www.divan.ru/product/divan-hevit-velvet-yellow
Диван Ниса Land Silver,42990,https://www.divan.ru/product/divan-nisa-land-silver
Модульный диван Полан-5 Velvet Ocean,117950,https://www.divan.ru/product/modulnyj-divan-polan-5-velvet-ocean
Диван угловой Лаберт Velvet Smoke,99990,https://www.divan.ru/product/divan-uglovoj-labert-velvet-smoke
Диван угловой Аронт Мини Velvet Grey,49990,https://www.divan.ru/product/divan-uglovoj-aront-mini-velvet-grey
Диван Мона Velvet Beige,25990,https://www.divan.ru/product/divan-mona-velvet-beige
Диван Боско-3 Land Forest,46990,https://www.divan.ru/product/divan-bosko-3-land-forest
Модульный диван Brera-5 Velour Stone,109980,https://www.divan.ru/product/modulnyj-divan-brera-5-velour-stone
Диван Сите-2 Velvet Moss,26990,https://www.divan.ru/product/divan-site-2-velvet-moss
Диван Эби Velvet Coral,62990,https://www.divan.ru/product/divan-ebi-velvet-coral
Диван угловой Харинг Soft Terra,89990,https://www.divan.ru/product/divan-uglovoj-haring-soft-terra
Диван Эби Velvet Light,62990,https://www.divan.ru/product/divan-ebi-velvet-light
Диван Ниса Land Forest,42990,https://www.divan.ru/product/divan-nisa-land-forest
Диван угловой Лаберт Velvet Toffe,99990,https://www.divan.ru/product/divan-uglovoj-labert-velvet-toffe
Диван Байма Velvet Plum,66990,https://www.divan.ru/product/divan-bajma-velvet-plum
Диван Сите-2 Velvet Coral,26990,https://www.divan.ru/product/divan-site-2-velvet-coral
Диван угловой Биани-1 Barhat Latte,72990,https://www.divan.ru/product/divan-uglovoj-biani-1-barhat-latte
Диван угловой Плэнтис Soft Grafit,109990,https://www.divan.ru/product/divan-uglovoj-plentis-soft-grafit
Диван Виенсо Bucle Sand,74990,https://www.divan.ru/product/divan-vienso-bucle-sand
Диван Бруквиль Velvet Grey,46990,https://www.divan.ru/product/divan-brukvil-velvet-grey
Диван Динс Мини Velvet Lime,46990,https://www.divan.ru/product/divan-dins-mini-velvet-lime
Диван угловой Ситено Velvet Light,59990,https://www.divan.ru/product/divan-uglovoj-siteno-velvet-light
Диван Рон Textile Grafit,49990,https://www.divan.ru/product/divan-ron-textile-grafit
Диван угловой Харинг Soft Toffe,89990,https://www.divan.ru/product/divan-uglovoj-haring-soft-toffe
Диван Риард-2 Land Light,36990,https://www.divan.ru/product/divan-riard-2-land-light
Диван Арклоу Soft Blue,49990,https://www.divan.ru/product/divan-arklou-soft-blue
Модульный диван Brera-3 Velour Mix,104970,https://www.divan.ru/product/modulnyj-divan-brera-3-velour-mix
Диван Brera Velour Cherry,89990,https://www.divan.ru/product/divan-brera-velour-cherry
Диван Нумо Velvet Emerald,35990,https://www.divan.ru/product/divan-numo-velvet-emerald
Диван Тилар Velvet Pink,27990,https://www.divan.ru/product/divan-tilar-velvet-pink
Диван Слипсон Мини Linia Ginger,52990,https://www.divan.ru/product/divan-slipson-mini-linia-ginger
Диван Хевит Velvet Terra,34990,https://www.divan.ru/product/divan-hevit-velvet-terra
Диван угловой Плэнтис Soft Ginger,109990,https://www.divan.ru/product/divan-uglovoj-plentis-soft-ginger
Диван угловой Эби-1 Happy Yellow,72990,https://www.divan.ru/product/divan-uglovoj-abi-1-happy-yellow
Диван Риард-2 Land Forest,36990,https://www.divan.ru/product/divan-riard-2-land-forest
Диван угловой Эби-2 Soft Grafit,129900,https://www.divan.ru/product/divan-uglovoj-abi-2-soft-grafit
Диван Слипсон Velvet Olive,54990,https://www.divan.ru/product/divan-slipson-velvet-olive
Диван Льери Мини Velvet Emerald,56990,https://www.divan.ru/product/divan-leri-mini-velvet-emerald
Диван Рейли Velvet Silver,29990,https://www.divan.ru/product/divan-rejli-velvet-silver
Модульный диван Brera-8 Velour Stone,117970,https://www.divan.ru/product/modulnyj-divan-brera-8-velour-stone
Диван угловой Эби-2 Happy Yellow,94990,https://www.divan.ru/product/divan-uglovoj-abi-2-happy-yellow
Диван угловой Нумо Time Emerald,44990,https://www.divan.ru/product/divan-uglovoj-numo-time-emerald
Диван угловой Аронт Мини Velvet Yellow,49990,https://www.divan.ru/product/divan-uglovoj-aront-mini-velvet-yellow
Диван Риард-2 Land Marsala,36990,https://www.divan.ru/product/divan-riard-2-land-marsala
Диван угловой Слипсон Velvet Olive,59990,https://www.divan.ru/product/divan-uglovoj-slipson-velvet-olive
Диван угловой Харинг Soft Jungle,89990,https://www.divan.ru/product/divan-uglovoj-haring-soft-jungle
Диван Маре Мини Velvet Ginger,26990,https://www.divan.ru/product/divan-mare-mini-velvet-ginger
Диван угловой Динс Velvet Silver,54990,https://www.divan.ru/product/divan-uglovoj-dins-velvet-silver
Диван Динс Velvet Silver,44990,https://www.divan.ru/product/divan-dins-velvet-silver
Диван Кейсес Velvet Navy Blue,24990,https://www.divan.ru/product/divan-kejses-velvet-navy-blue
Диван Аркет-3 Velvet Blue,39990,https://www.divan.ru/product/divan-arket-3-velvet-blue
Диван Слипсон Happy Yellow,54990,https://www.divan.ru/product/divan-slipson-happy-yellow
Диван Риард-2 Land Sky,36990,https://www.divan.ru/product/divan-riard-2-land-sky
Диван Льери Barhat Blue,69990,https://www.divan.ru/product/divan-leri-barhat-blue-old-24-08-2023
Диван Массе Velvet Coral,56990,https://www.divan.ru/product/divan-masse-velvet-coral
Диван угловой Слипсон Velvet Milk,59990,https://www.divan.ru/product/divan-uglovoj-slipson-velvet-milk
Диван угловой Биани-1 Barhat Beige,72990,https://www.divan.ru/product/divan-uglovoj-biani-1-barhat-beige
Диван угловой Харинг Soft Night,89990,https://www.divan.ru/product/divan-uglovoj-haring-soft-night
Диван Нумо Velvet Grey,35990,https://www.divan.ru/product/divan-numo-velvet-grey
Модульный диван Полан-5 Velvet Light,117950,https://www.divan.ru/product/modulnyj-divan-polan-5-velvet-light
Диван угловой Динс Velvet Milk,54990,https://www.divan.ru/product/divan-uglovoj-dins-velvet-milk
Диван Льери Barhat Mint,72990,https://www.divan.ru/product/divan-leri-barhat-mint-old-25-04-2022
Диван угловой Дарол Happy Galaxy,59990,https://www.divan.ru/product/divan-uglovoj-darol-happy-galaxy
Диван Риард-2 Land Black,36990,https://www.divan.ru/product/divan-riard-2-land-black
Диван угловой Харинг Soft Grafit,89990,https://www.divan.ru/product/divan-uglovoj-haring-soft-grafit
Диван Сваут Velvet Moss,62990,https://www.divan.ru/product/divan-svaut-velvet-moss
Диван Винси Soft Grey,20990,https://www.divan.ru/product/divan-vinsi-soft-grey
Диван Сваут Velvet Terra,62990,https://www.divan.ru/product/divan-svaut-velvet-terra
Диван Риард-3 Land Light,44990,https://www.divan.ru/product/divan-riard-3-land-light
Диван Арклоу Soft Olive,49990,https://www.divan.ru/product/divan-arklou-soft-olive
Диван Эби Happy Yellow,62990,https://www.divan.ru/product/divan-abi-happy-yellow
Диван угловой Харинг Soft Grey,89990,https://www.divan.ru/product/divan-uglovoj-haring-soft-grey
Диван угловой Эдвин Velvet Grey,69990,https://www.divan.ru/product/divan-uglovoj-edvin-velvet-grey
Диван угловой Амрано Velvet Emerald,39990,https://www.divan.ru/product/divan-uglovoj-amrano-velvet-emerald-new
Диван Бруквиль Velvet Terra,46990,https://www.divan.ru/product/divan-brukvil-velvet-terra
Диван Риард-3 Land Forest,44990,https://www.divan.ru/product/divan-riard-3-land-forest
Диван угловой Стаус Velvet Caramel,34990,https://www.divan.ru/product/divan-uglovoj-staus-velvet-caramel
Диван Сорен Textile Navy Blue,56990,https://www.divan.ru/product/divan-soren-textile-navy-blue
Диван Динс Velvet Yellow,44990,https://www.divan.ru/product/divan-dins-velvet-yellow
Диван Слипсон Velvet Plum,54990,https://www.divan.ru/product/divan-slipson-velvet-plum
Диван Лачи Velvet Grafit,25990,https://www.divan.ru/product/divan-lachi-velvet-grafit
Диван Биани Barhat Latte,59990,https://www.divan.ru/product/divan-biani-barhat-latte
Диван Арклоу Cozy Storm,44990,https://www.divan.ru/product/divan-arklou-cozy-storm
Диван угловой Амрано Velvet Caramel,39990,https://www.divan.ru/product/divan-uglovoj-amrano-velvet-caramel
Диван Винси Textile Gold,23990,https://www.divan.ru/product/divan-vinsi-textile-gold
Диван Риббл-2 Bucle White,62990,https://www.divan.ru/product/divan-ribbl-2-bucle-white
Диван угловой Ройн Мини Velvet Smoke,39990,https://www.divan.ru/product/divan-uglovoj-rojn-mini-velvet-smoke
Модульный диван Полан-1 Velvet Smoke,65970,https://www.divan.ru/product/modulnyj-divan-polan-1-velvet-smoke
Диван угловой Слипсон Velvet Stone,59990,https://www.divan.ru/product/divan-uglovoj-slipson-velvet-stone
Диван Биани Barhat Blue,59990,https://www.divan.ru/product/divan-biani-barhat-blue
Диван Кускен Velvet Grey,36990,https://www.divan.ru/product/divan-kusken-velvet-grey
Диван Риббл-7 Bucle White,47990,https://www.divan.ru/product/divan-ribbl-7-bucle-white
Диван Лейсон Velvet Smoke,49990,https://www.divan.ru/product/divan-lejson-velvet-smoke
Диван угловой Маркфул Velvet Light,76990,https://www.divan.ru/product/divan-uglovoj-markful-velvet-light
Диван угловой Эби-1 Velvet Light,69990,https://www.divan.ru/product/divan-uglovoj-ebi-1-velvet-light
Диван Лави Velvet Beige,36990,https://www.divan.ru/product/divan-lavi-velvet-beige
Диван Милкен Velvet Yellow,32990,https://www.divan.ru/product/divan-milken-velvet-yellow
Диван Види Textile Yellow,22990,https://www.divan.ru/product/divan-vidi-textile-yellow
Диван Винси Soft Olive,20990,https://www.divan.ru/product/divan-vinsi-soft-olive
Диван Сорен Textile Plum,56990,https://www.divan.ru/product/divan-soren-textile-plum
Модульный диван Полан-1 Cozy Ivory,80970,https://www.divan.ru/product/modulnyj-divan-polan-1-cozy-ivory
Диван угловой Ройн Мини Velvet Pink,39990,https://www.divan.ru/product/divan-uglovoj-rojn-mini-velvet-pink
Диван Биани Velvet Smoke,59990,https://www.divan.ru/product/divan-biani-velvet-smoke
Диван Нумо Мини Textile Grafit,22990,https://www.divan.ru/product/divan-numo-mini-textile-grafit
Модульный диван Сэндж 3 Textile Grey,74960,https://www.divan.ru/product/modulnyj-divan-sendj-3-textile-grey
Диван Дара Happy Emerald,39990,https://www.divan.ru/product/divan-dara-happy-emerald
Модульный диван Полан-4 Velvet Terra,91960,https://www.divan.ru/product/modulnyj-divan-polan-4-velvet-terra
Диван Сорен Textile Light,56990,https://www.divan.ru/product/divan-soren-textile-light
Диван Боско-2 Land Terra,36990,https://www.divan.ru/product/divan-bosko-2-land-terra
Диван Рейли Velvet Light,29990,https://www.divan.ru/product/divan-rejli-velvet-light
Диван Эрвин-2 Black,26990,https://www.divan.ru/product/divan-ervin-2-black
Диван Лави Velvet Yellow,36990,https://www.divan.ru/product/divan-lavi-velvet-yellow
Диван Лейсон Velvet Stone,49990,https://www.divan.ru/product/divan-lejson-velvet-stone
Диван Соланс Velvet Yellow,27990,https://www.divan.ru/product/divan-solans-velvet-yellow
Диван Эрвин-2 Brown,26990,https://www.divan.ru/product/divan-ervin-2-brown
Диван Лейсон Velvet Mint,49990,https://www.divan.ru/product/divan-lejson-velvet-mint
Диван Лави Velvet Moss,36990,https://www.divan.ru/product/divan-lavi-velvet-moss
Диван угловой Ройн Мини Velvet Beige,39990,https://www.divan.ru/product/divan-uglovoj-rojn-mini-velvet-beige
Модульный диван Риббл-1 Bucle White,70980,https://www.divan.ru/product/modulnyj-divan-ribbl-1-bucle-white
Модульный диван Полан-2 Velvet Terra,83960,https://www.divan.ru/product/modulnyj-divan-polan-2-velvet-terra
Диван Виена Velvet Smoke,56990,https://www.divan.ru/product/divan-viena-time-grey
Диван Сорен Textile Ocean,56990,https://www.divan.ru/product/divan-soren-textile-ocean
Диван Эрвин-2 Grey,26990,https://www.divan.ru/product/divan-ervin-2-grey
Модульный диван Полан-5 Velvet Smoke,117950,https://www.divan.ru/product/modulnyj-divan-polan-5-velvet-smoke
Диван Милкен Velvet Sand,32990,https://www.divan.ru/product/divan-milken-velvet-sand
Диван Тут Рядом Космос Зеленый,109990,https://www.divan.ru/product/divan-tut-ryadom-kosmos-zelenyj
Диван угловой Эби-2 Happy Grey,94990,https://www.divan.ru/product/divan-uglovoj-abi-2-happy-grey
Диван Риббл-6 Bucle White,47990,https://www.divan.ru/product/divan-ribbl-6-bucle-white
Диван Гермис-3 Velvet Smoke,49990,https://www.divan.ru/product/divan-germis-3-velvet-smoke-new
Диван Роттердам Velvet Black,23990,https://www.divan.ru/product/divan-rotterdam-velvet-black
Диван Лави Velvet Smoke,36990,https://www.divan.ru/product/divan-lavi-velvet-smoke
Диван угловой Биани-2 Barhat Latte,94990,https://www.divan.ru/product/divan-uglovoj-biani-2-barhat-latte
Диван Эрвин-2 Light,26990,https://www.divan.ru/product/divan-ervin-2-light
Диван Бруквиль Velvet Beige,46990,https://www.divan.ru/product/divan-brukvil-velvet-beige
Диван Дисент Velvet Emerald,74990,https://www.divan.ru/product/divan-disent-time-emerald
Диван Мона Velvet Coral,25990,https://www.divan.ru/product/divan-mona-velvet-coral
Диван Мисл Barhat Melon,66990,https://www.divan.ru/product/divan-misl-barhat-melon
Модульный диван Brera-1 Velour Cinnamon,192950,https://www.divan.ru/product/modulnyj-divan-brera-1-velour-cinnamon
Диван Лави Velvet Eclipse,36990,https://www.divan.ru/product/divan-lavi-velvet-eclipse
Диван Эрвин-2 White,26990,https://www.divan.ru/product/divan-ervin-2-white
Модульный диван Полан-3 Velvet Terra,66960,https://www.divan.ru/product/modulnyj-divan-polan-3-velvet-terra
Модульный диван Полан-4 Velvet Mint,91960,https://www.divan.ru/product/modulnyj-divan-polan-4-velvet-mint
Диван угловой Слипсон Velvet Honey,59990,https://www.divan.ru/product/divan-uglovoj-slipson-velvet-honey
Модульный диван Полан-5 Velvet Terra,117950,https://www.divan.ru/product/modulnyj-divan-polan-5-velvet-terra
Модульный диван Риббл-4 Bucle White,139970,https://www.divan.ru/product/modulnyj-divan-ribbl-4-bucle-white
Диван угловой Эби-1 Happy Mint,72990,https://www.divan.ru/product/divan-uglovoj-abi-1-happy-mint
Диван Эрвин-3 Black,32990,https://www.divan.ru/product/divan-ervin-3-black
Модульный диван Brera-4 Velour Beige,152970,https://www.divan.ru/product/modulnyj-divan-brera-4-velour-beige
Диван угловой Биани-2 Barhat Beige,94990,https://www.divan.ru/product/divan-uglovoj-biani-2-barhat-beige
Диван Тут Рядом Космос Синий,109990,https://www.divan.ru/product/divan-tut-ryadom-kosmos-sinij
Диван угловой Слипсон Velvet Plum,59990,https://www.divan.ru/product/divan-uglovoj-slipson-velvet-plum
Диван Эрвин-3 Brown,32990,https://www.divan.ru/product/divan-ervin-3-brown
Модульный диван Brera-7 Velour Black,167970,https://www.divan.ru/product/modulnyj-divan-brera-7-velour-black
Диван Кела Мини Velvet Navy Blue,34990,https://www.divan.ru/product/divan-kela-mini-velvet-navy-blue
Диван Викс Textile Coral,21990,https://www.divan.ru/product/divan-viks-textile-coral
Диван Гермис-3 Velvet Eclipse,49990,https://www.divan.ru/product/divan-germis-3-velvet-eclipse
Диван Милкен Velvet Grey,32990,https://www.divan.ru/product/divan-milken-velvet-grey
Диван Ларонсо Bucle White,84990,https://www.divan.ru/product/divan-laronso-bucle-white
Диван Эрвин-3 Grey,32990,https://www.divan.ru/product/divan-ervin-3-grey
Диван Байма Velvet Brown,66990,https://www.divan.ru/product/divan-bajma-velvet-brown
Модульный диван Brera-7 Velour Mix,167970,https://www.divan.ru/product/modulnyj-divan-brera-7-velour-mix
Диван Сорен Textile Grey,56990,https://www.divan.ru/product/divan-soren-textile-grey
Диван угловой Слипсон Velvet Silver,59990,https://www.divan.ru/product/divan-uglovoj-slipson-velvet-silver
Диван Эрвин-3 Light,32990,https://www.divan.ru/product/divan-ervin-3-light
Диван Ольен Мини Textile Galaxy,59990,https://www.divan.ru/product/divan-olen-mini-textile-galaxy
Диван Гермис-3 Velvet Olive,49990,https://www.divan.ru/product/divan-germis-3-velvet-olive-new
Диван Лофт Linia Vanil,39990,https://www.divan.ru/product/divan-loft-linia-vanil
Модульный диван Brera-1 Velour Lilac,192950,https://www.divan.ru/product/modulnyj-divan-brera-1-velour-lilac
Диван Тут Рядом Космос Желтый,109990,https://www.divan.ru/product/divan-tut-ryadom-kosmos-jeltyj
Диван Инес Vertical Beige,39990,https://www.divan.ru/product/divan-ines-vertical-beige
Диван угловой Биани-1 Barhat Night,72990,https://www.divan.ru/product/divan-uglovoj-biani-1-barhat-night
Диван Эрвин-3 White,32990,https://www.divan.ru/product/divan-ervin-3-white
Диван Бруквиль Velvet Olive,46990,https://www.divan.ru/product/divan-brukvil-velvet-olive
Диван Роттердам Velvet Pink,23990,https://www.divan.ru/product/divan-rotterdam-velvet-pink
Диван Инес Vertical Silver,39990,https://www.divan.ru/product/divan-ines-vertical-silver
Диван Гермис-3 Velvet Yellow,49990,https://www.divan.ru/product/divan-germis-3-velvet-yellow
Диван Соланс Velvet Blue,27990,https://www.divan.ru/product/divan-solans-velvet-blue
Диван Шилдс Textile Night,69990,https://www.divan.ru/product/divan-shilds-textile-night
Диван угловой Плэнтис Soft Light,109990,https://www.divan.ru/product/divan-uglovoj-plentis-soft-light
Диван Лейсон Velvet Beige,49990,https://www.divan.ru/product/divan-lejson-velvet-beige
Диван Гермис-3 Velvet Terra,49990,https://www.divan.ru/product/divan-germis-3-velvet-terra-new
Диван Эрвин-2 Red,26990,https://www.divan.ru/product/divan-ervin-2-red
Диван Кареро Velvet Light,66990,https://www.divan.ru/product/divan-karero-velvet-light
Диван Дисент Bucle White,86990,https://www.divan.ru/product/divan-disent-bucle-white
Диван Данста Textile Gold,72990,https://www.divan.ru/product/divan-dansta-textile-gold
Диван угловой Майнап Velvet Yellow,46990,https://www.divan.ru/product/divan-uglovoj-majnap-velvet-yellow
Диван Инес Vertical Grey,39990,https://www.divan.ru/product/divan-ines-vertical-grey
Диван угловой Ройн Мини Velvet Blue,39990,https://www.divan.ru/product/divan-uglovoj-rojn-mini-velvet-blue
Диван Нумо Velvet Light,35990,https://www.divan.ru/product/divan-numo-velvet-light
Диван Милкен Vertical Lavender,32990,https://www.divan.ru/product/divan-milken-vertical-lavender
Диван Биани Cozy Ivory,74990,https://www.divan.ru/product/divan-biani-cozy-ivory
Диван Тут Рядом Дом Синий,69990,https://www.divan.ru/product/divan-tut-ryadom-dom-sinij
Диван Байвин Soft Olive,59990,https://www.divan.ru/product/divan-bajvin-soft-olive
Диван Льери-1 Soft Olive,55990,https://www.divan.ru/product/divan-leri-1-soft-olive
Диван Инес Vertical Terra,39990,https://www.divan.ru/product/divan-ines-vertical-terra
Диван Эрвин-3 Red,32990,https://www.divan.ru/product/divan-ervin-3-red
Диван Данста Velvet Light,56990,https://www.divan.ru/product/divan-dansta-velvet-light
Диван Гарди Soft Night,29990,https://www.divan.ru/product/divan-gardi-soft-night
Модульный диван Сэндж 3 Textile Yellow,74960,https://www.divan.ru/product/modulnyj-divan-sendj-3-textile-yellow
Диван Гермис-2 Velvet Stone,39990,https://www.divan.ru/product/divan-germis-2-velvet-stone
Диван Кускен Velvet Red,36990,https://www.divan.ru/product/divan-kusken-velvet-red
Диван Инес Vertical Mint,39990,https://www.divan.ru/product/divan-ines-vertical-mint
Модульный диван Сэндж 2 Textile Grey,55970,https://www.divan.ru/product/modulnyj-divan-sendj-2-textile-grey
Модульный диван Риббл-1 Bucle Eclipce,70980,https://www.divan.ru/product/modulnyj-divan-ribbl-1-bucle-eclipce
Модульный диван Полан-4 Cozy Ivory,111960,https://www.divan.ru/product/modulnyj-divan-polan-4-cozy-ivory
Диван Мира Velvet Yellow,29990,https://www.divan.ru/product/divan-mira-velvet-yellow
Диван Гермис-2 Velvet Yellow,39990,https://www.divan.ru/product/divan-germis-2-velvet-yellow
Диван угловой Онте Bucle Eclipse,82990,https://www.divan.ru/product/divan-uglovoj-onte-bucle-eclipse
Диван Сторм Land Terra,52990,https://www.divan.ru/product/divan-storm-land-terra
Диван угловой Виена Velvet Light,59990,https://www.divan.ru/product/divan-uglovoj-viena-velvet-light
Диван Гермис-2 Velvet Olive,39990,https://www.divan.ru/product/divan-germis-2-velvet-olive
Диван Виена Velvet Light,56990,https://www.divan.ru/product/divan-viena-velvet-light-new
Диван угловой Лаберт Velvet Galaxy,99990,https://www.divan.ru/product/divan-uglovoj-labert-velvet-galaxy
Диван Лейсон Velvet Blue,49990,https://www.divan.ru/product/divan-lejson-velvet-blue
Модульный диван Brera-4 Velour Lilac,152970,https://www.divan.ru/product/modulnyj-divan-brera-4-velour-lilac
Модульный диван Сэндж 1 Textile Grey,61970,https://www.divan.ru/product/modulnyj-divan-sendj-1-textile-grey
Диван Гермис-2 Velvet Eclipse,39990,https://www.divan.ru/product/divan-germis-2-velvet-eclipse
Диван угловой Лилле Velvet Light,54990,https://www.divan.ru/product/divan-uglovoj-lille-velvet-light
Диван угловой Биани-2 Barhat Blue,94990,https://www.divan.ru/product/divan-uglovoj-biani-2-barhat-blue
Диван Ольен Мини Happy Light,49990,https://www.divan.ru/product/divan-olen-mini-happy-light
Модульный диван Полан-3 Cozy Ivory,81960,https://www.divan.ru/product/modulnyj-divan-polan-3-cozy-ivory
Модульный диван Brera-5 Velour Mix,109980,https://www.divan.ru/product/modulnyj-divan-brera-5-velour-mix
Диван Гермис-2 Velvet Terra,39990,https://www.divan.ru/product/divan-germis-2-velvet-terra
Модульный диван Риббл-2 Bucle White,117980,https://www.divan.ru/product/modulnyj-divan-ribbl-2-bucle-white
Диван угловой Майнап Velvet Grafit,46990,https://www.divan.ru/product/divan-uglovoj-majnap-velvet-gafit
Диван Милкен Velvet Red,32990,https://www.divan.ru/product/divan-milken-velvet-red
Диван Ольен Velvet Silver,62990,https://www.divan.ru/product/divan-olen-velvet-silver
Диван Гермис-3 Velvet Light,49990,https://www.divan.ru/product/divan-germis-3-velvet-light
Диван Шилдс Textile Azure,69990,https://www.divan.ru/product/divan-shilds-textile-azure
Модульный диван Brera-6 Velour Cherry,166960,https://www.divan.ru/product/modulnyj-divan-brera-6-velour-cherry
Диван Кейсес Velvet Grafit,24990,https://www.divan.ru/product/divan-kejses-velvet-grafit
Диван угловой Майнап Velvet Navy Blue,46990,https://www.divan.ru/product/divan-uglovoj-majnap-velvet-navy-blue
Диван Слипсон Velvet Milk,54990,https://www.divan.ru/product/divan-slipson-velvet-milk
Диван Гермис-2 Velvet Smoke,39990,https://www.divan.ru/product/divan-germis-2-velvet-smoke
Диван угловой Дисент-2 Velvet Smoke,99990,https://www.divan.ru/product/divan-uglovoj-disent-time-grey
Диван Риббл-1 Bucle White,62990,https://www.divan.ru/product/divan-ribbl-1-bucle-white
Модульный диван Brera-7 Velour Beige,167970,https://www.divan.ru/product/modulnyj-divan-brera-7-velour-beige
Диван Викс Textile Sky,21990,https://www.divan.ru/product/divan-viks-textile-sky
Диван Гермис-3 Velvet Stone,49990,https://www.divan.ru/product/divan-germis-3-velvet-stone
Диван угловой Байвин-2 Soft Olive,94990,https://www.divan.ru/product/divan-uglovoj-bajvin-2-soft-olive
Диван Слипсон Мини Gene Emerald,52990,https://www.divan.ru/product/divan-slipson-mini-happy-emerald
Диван Хевит Velvet Olive,34990,https://www.divan.ru/product/divan-hevit-velvet-olive
Модульный диван Риббл-3 Bucle White,141970,https://www.divan.ru/product/modulnyj-divan-ribbl-3-bucle-white
Диван угловой Плэнтис Bucle Latte,109990,https://www.divan.ru/product/divan-uglovoj-plentis-bucle-latte
Диван Дисент Velvet Smoke,74990,https://www.divan.ru/product/divan-disent-time-grey
Диван угловой Дисент-1 Bucle Green,109990,https://www.divan.ru/product/divan-uglovoj-disent-1-bucle-green
Диван Ольен Velvet Terra,62990,https://www.divan.ru/product/divan-olen-velvet-terra
Диван Соланс Velvet Lime,27990,https://www.divan.ru/product/divan-solans-velvet-lime
Диван Бруквиль Cozy Ivory,59990,https://www.divan.ru/product/divan-brukvil-cozy-ivory
Диван Аркет-3 Velvet Coral,39990,https://www.divan.ru/product/divan-arket-3-velvet-coral
Диван Лачи Velvet Navy Blue,25990,https://www.divan.ru/product/divan-lachi-velvet-navy-blue
Диван угловой Дарол Happy Yellow,59990,https://www.divan.ru/product/divan-uglovoj-darol-happy-yellow
Диван угловой Дарол Happy Light,59990,https://www.divan.ru/product/divan-uglovoj-darol-happy-light
Модульный диван Brera-6 Velour Smoke,166960,https://www.divan.ru/product/modulnyj-divan-brera-6-velour-smoke
Диван Виена Bucle Silver,76990,https://www.divan.ru/product/divan-viena-bucle-silver
Диван Лофт Linia Stone,39990,https://www.divan.ru/product/divan-loft-linia-stone
Диван Льери-1 Soft Latte,55990,https://www.divan.ru/product/divan-leri-1-soft-latte
Диван угловой Биани-1 Cozy Ivory,84990,https://www.divan.ru/product/divan-uglovoj-biani-1-cozy-ivory
Диван Инес Vertical Light,39990,https://www.divan.ru/product/divan-ines-vertical-light
Диван угловой Мисл-1 Barhat Gold,99990,https://www.divan.ru/product/divan-uglovoj-misl-1-barhat-gold
Диван угловой Биани-2 Cozy Ivory,109990,https://www.divan.ru/product/divan-uglovoj-biani-2-cozy-ivory
Модульный диван Brera-2 Velour Caramel,99980,https://www.divan.ru/product/modulnyj-divan-brera-2-velour-caramel
Диван Тилар Textile Yellow,27990,https://www.divan.ru/product/divan-tilar-textile-yellow
Диван Виенсо Bucle Milk,74990,https://www.divan.ru/product/divan-vienso-bucle-milk
Диван Гарди Soft Milk,29990,https://www.divan.ru/product/divan-gardi-soft-milk
Диван Коренс Happy Light,28990,https://www.divan.ru/product/divan-korens-happy-light
Диван угловой Виена Velvet Smoke,59990,https://www.divan.ru/product/divan-uglovoj-viena-velvet-smoke
Диван угловой Сайле Barhat Gold,139990,https://www.divan.ru/product/divan-uglovoj-sajle-barhat-gold
Диван угловой Дисент-2 Bucle White,129990,https://www.divan.ru/product/divan-uglovoj-disent-bucle-white
Диван Дара Happy Light,39990,https://www.divan.ru/product/divan-dara-happy-light
Модульный диван Brera-8 Velour Lilac,117970,https://www.divan.ru/product/modulnyj-divan-brera-8-velour-lilac
Модульный диван Риббл-5 Bucle White,177960,https://www.divan.ru/product/modulnyj-divan-ribbl-5-bucle-white
Диван Тилар Textile Grey,27990,https://www.divan.ru/product/divan-tilar-textile-grey
Диван Лейсон Velvet Yellow,49990,https://www.divan.ru/product/divan-lejson-velvet-yellow
Диван Байвин Soft Latte,59990,https://www.divan.ru/product/divan-bajvin-soft-latte
Диван Льери-1 Soft Grey,55990,https://www.divan.ru/product/divan-leri-1-soft-grey
Диван Эби Мини Linia Beige,54990,https://www.divan.ru/product/divan-abi-mini-linia-beige
Диван Кейсес Velvet Grey,24990,https://www.divan.ru/product/divan-kejses-velvet-grey
Диван Слипсон Velvet Silver,54990,https://www.divan.ru/product/divan-slipson-velvet-silver
Диван угловой Маркфул Velvet Blue,76990,https://www.divan.ru/product/divan-uglovoj-markful-velvet-blue
Модульный диван Brera-1 Velour Plum,192950,https://www.divan.ru/product/modulnyj-divan-brera-1-velour-plum
Диван угловой Байвин-1 Soft Ginger,72990,https://www.divan.ru/product/divan-uglovoj-bajvin-1-soft-ginger
Диван Бонент Velvet Plum,69990,https://www.divan.ru/product/divan-bonent-velvet-plum
Диван Мона Velvet Olive,25990,https://www.divan.ru/product/divan-mona-velvet-olive
Модульный диван Brera-1 Velour Galaxy,192950,https://www.divan.ru/product/modulnyj-divan-brera-1-velour-galaxy
Диван угловой Байвин-2 Soft Ginger,94990,https://www.divan.ru/product/divan-uglovoj-bajvin-2-soft-ginger
Модульный диван Brera-6 Velour Lilac,166960,https://www.divan.ru/product/modulnyj-divan-brera-6-velour-lilac
Диван Байма Velvet Terra,66990,https://www.divan.ru/product/divan-bajma-velvet-terra
Диван угловой Дисент-1 Soft Yellow,89990,https://www.divan.ru/product/divan-uglovoj-disent-1-soft-yellow
Диван Инес Vertical Blue,39990,https://www.divan.ru/product/divan-ines-vertical-blue
Модульный диван Brera-2 Velour Olive,99980,https://www.divan.ru/product/modulnyj-divan-brera-2-velour-olive
Диван Нумо Мини Textile Navy Blue,22990,https://www.divan.ru/product/divan-numo-mini-textile-navy-blue
Диван угловой Майнап Velvet Olive,46990,https://www.divan.ru/product/divan-uglovoj-majnap-velvet-olive
Диван угловой Виена Velvet Corall,59990,https://www.divan.ru/product/divan-uglovoj-viena-velvet-corall
Диван Риббл-10 Bucle White,75990,https://www.divan.ru/product/divan-ribbl-10-bucle-white
Диван Соланс Velvet Grey,27990,https://www.divan.ru/product/divan-solans-velvet-grey
Диван Коренс-3 Happy Yellow,30990,https://www.divan.ru/product/divan-korens-3-happy-yellow
Модульный диван Brera-3 Velour Forest,104970,https://www.divan.ru/product/modulnyj-divan-brera-3-velour-forest
Модульный диван Brera-5 Velour Smoke,109980,https://www.divan.ru/product/modulnyj-divan-brera-5-velour-smoke
Диван Маре Мини Velvet Silver,26990,https://www.divan.ru/product/divan-mare-mini-velvet-silver
Диван Бонент Velvet Moss,69990,https://www.divan.ru/product/divan-bonent-velvet-moss
Диван Лилле Velvet Terra,42990,https://www.divan.ru/product/divan-lille-velvet-terra-new
Диван Эби Happy Mint,62990,https://www.divan.ru/product/divan-abi-happy-mint
Модульный диван Brera-5 Velour Caramel,109980,https://www.divan.ru/product/modulnyj-divan-brera-5-velour-caramel
Диван Массе Velvet Mint,56990,https://www.divan.ru/product/divan-masse-velvet-mint
Диван Коренс-3 Happy Light,30990,https://www.divan.ru/product/divan-korens-3-happy-light
Диван Бонент Velvet Terra,69990,https://www.divan.ru/product/divan-bonent-velvet-terra
Диван Соланс Velvet Sand,27990,https://www.divan.ru/product/divan-solans-velvet-sand
Диван угловой Байвин-1 Soft Latte,72990,https://www.divan.ru/product/divan-uglovoj-bajvin-1-soft-latte
Модульный диван Brera-7 Velour Lilac,167970,https://www.divan.ru/product/modulnyj-divan-brera-7-velour-lilac
Диван угловой Байвин-1 Soft Gold,72990,https://www.divan.ru/product/divan-uglovoj-bajvin-1-soft-gold
Модульный диван Brera-7 Velour Stone,167970,https://www.divan.ru/product/modulnyj-divan-brera-7-velour-stone
Диван Динс Velvet Navy Blue,44990,https://www.divan.ru/product/divan-dins-velvet-navy-blue
Диван угловой Байвин-2 Soft Gold,94990,https://www.divan.ru/product/divan-uglovoj-bajvin-2-soft-gold
Диван Лонди Cozy Ginger,49990,https://www.divan.ru/product/divan-londi-cozy-ginger
Диван Льери Мини Bucle White,66990,https://www.divan.ru/product/divan-leri-mini-bucle-white
Диван Байма Velvet Milk,66990,https://www.divan.ru/product/divan-bajma-velvet-milk
Модульный диван Brera-8 Velour Black,117970,https://www.divan.ru/product/modulnyj-divan-brera-8-velour-black
Диван угловой Динс Velvet Navy Blue,52990,https://www.divan.ru/product/divan-uglovoj-dins-velvet-navy-blue
Диван Гарди Soft Terra,29990,https://www.divan.ru/product/divan-gardi-soft-terra
Диван Бонент Velvet Grey,69990,https://www.divan.ru/product/divan-bonent-velvet-grey
Модульный диван Brera-8 Velour Caramel,117970,https://www.divan.ru/product/modulnyj-divan-brera-8-velour-caramel
Диван Байвин Soft Ginger,59990,https://www.divan.ru/product/divan-bajvin-soft-ginger
Диван Бонс-Т Cozy Ivory,52990,https://www.divan.ru/product/divan-bons-t-cozy-ivory
Модульный диван Риббл-5 Bucle Mint,177960,https://www.divan.ru/product/modulnyj-divan-ribbl-5-bucle-mint
Диван угловой Лилле Velvet Grey,54990,https://www.divan.ru/product/divan-uglovoj-lille-velvet-grey
Диван Бонент Velvet Light,69990,https://www.divan.ru/product/divan-bonent-velvet-light
Модульный диван Brera-3 Velour Plum,104970,https://www.divan.ru/product/modulnyj-divan-brera-3-velour-plum
Диван Кейсес Velvet Pink,24990,https://www.divan.ru/product/divan-kejses-velvet-pink
Диван Данста Velvet Smoke,56990,https://www.divan.ru/product/divan-dansta-velvet-smoke
Диван Байвин Soft Gold,59990,https://www.divan.ru/product/divan-bajvin-soft-gold
Диван Brera Velour Olive,89990,https://www.divan.ru/product/divan-brera-velour-olive
Диван Льери-1 Soft Ocean,55990,https://www.divan.ru/product/divan-leri-1-soft-ocean
Диван Гермис-2 Velvet Light,39990,https://www.divan.ru/product/divan-germis-2-velvet-light
Диван угловой Онте Bucle White,82990,https://www.divan.ru/product/divan-uglovoj-onte-bucle-white
Модульный диван Brera-5 Velour Cinnamon,109980,https://www.divan.ru/product/modulnyj-divan-brera-5-velour-cinnamon
Диван Аркет-2 Velvet Coral,32990,https://www.divan.ru/product/divan-arket-2-velvet-coral
Диван угловой Лилле Velvet Emerald,54990,https://www.divan.ru/product/divan-uglovoj-lille-velvet-emerald
Модульный диван Риббл-1 Bucle Forest,70980,https://www.divan.ru/product/modulnyj-divan-ribbl-1-bucle-forest
Диван угловой Онте Textile Grafit,89990,https://www.divan.ru/product/divan-uglovoj-onte-textile-grafit
Диван Шилдс Bucle Latte,69990,https://www.divan.ru/product/divan-shilds-bucle-latte
Модульный диван Риббл-5 Bucle Eclipce,177960,https://www.divan.ru/product/modulnyj-divan-ribbl-5-bucle-eclipce
Диван Аркет-2 Velvet Olive,32990,https://www.divan.ru/product/divan-arket-2-velvet-olive
Диван Аркет-2 Velvet Blue,32990,https://www.divan.ru/product/divan-arket-2-velvet-blue
Диван угловой Динс Time Emerald,52990,https://www.divan.ru/product/divan-uglovoj-dins-time-emerald
Диван Риббл-11 Bucle Forest,75990,https://www.divan.ru/product/divan-ribbl-11-bucle-forest
Диван Риббл-7 Bucle Eclipce,47990,https://www.divan.ru/product/divan-ribbl-7-bucle-eclipce
Диван угловой Плэнтис Velvet Smoke,89990,https://www.divan.ru/product/divan-uglovoj-plentis-velvet-smoke
Диван Аркет-2 Velvet Grey,32990,https://www.divan.ru/product/divan-arket-2-velvet-grey
Модульный диван Риббл-1 Bucle Lilac,70980,https://www.divan.ru/product/modulnyj-divan-ribbl-1-bucle-lilac
Диван Хевит Velvet Beige,34990,https://www.divan.ru/product/divan-hevit-velvet-beige
Диван Кейсес Velvet Yellow,24990,https://www.divan.ru/product/divan-kejses-velvet-yellow
Диван Риббл-6 Bucle Forest,47990,https://www.divan.ru/product/divan-ribbl-6-bucle-forest
Диван Аркет-2 Velvet Smoke,32990,https://www.divan.ru/product/divan-arket-2-velvet-smoke
Диван Динс Time Emerald,44990,https://www.divan.ru/product/divan-dins-time-emerald
Диван угловой Лилле Velvet Stone,54990,https://www.divan.ru/product/divan-uglovoj-lille-velvet-stone
Диван Риббл-10 Bucle Beige,75990,https://www.divan.ru/product/divan-ribbl-10-bucle-beige
Модульный диван Риббл-4 Bucle Eclipce,139970,https://www.divan.ru/product/modulnyj-divan-ribbl-4-bucle-eclipce
Диван угловой Онте Bucle Silver,82990,https://www.divan.ru/product/divan-uglovoj-onte-bucle-silver
Диван Риббл-2 Bucle Eclipce,62990,https://www.divan.ru/product/divan-ribbl-2-bucle-eclipce
Диван Аркет-3 Velvet Grey,39990,https://www.divan.ru/product/divan-arket-3-velvet-grey
Диван Виена Velvet Olive,62990,https://www.divan.ru/product/divan-viena-velvet-olive
Диван Эби Gene Ocean,59990,https://www.divan.ru/product/divan-abi-happy-deep-ocean
Модульный диван Риббл-5 Bucle Lilac,177960,https://www.divan.ru/product/modulnyj-divan-ribbl-5-bucle-lilac
Диван Роттердам-3 Velvet Grey,30990,https://www.divan.ru/product/divan-rotterdam-3-velvet-grey
Диван Хевит Velvet Smoke,34990,https://www.divan.ru/product/divan-hevit-velvet-smoke
Диван угловой Дисент-2 Velvet Emerald,99990,https://www.divan.ru/product/divan-uglovoj-disent-time-emerald
Диван Кускен Velvet Sand,36990,https://www.divan.ru/product/divan-kusken-velvet-sand
Диван Шилдс Textile Ginger,69990,https://www.divan.ru/product/divan-shilds-textile-ginger
Диван угловой Виена Velvet Olive,69990,https://www.divan.ru/product/divan-uglovoj-viena-velvet-olive
Диван Риббл-11 Bucle Lilac,75990,https://www.divan.ru/product/divan-ribbl-11-bucle-lilac
Диван Brera Velour Galaxy,89990,https://www.divan.ru/product/divan-brera-velour-galaxy
Диван Риббл-6 Bucle Mint,47990,https://www.divan.ru/product/divan-ribbl-6-bucle-mint
Диван Линс Velvet Grey,26990,https://www.divan.ru/product/divan-lins-velvet-grey
Модульный диван Риббл-1 Bucle Mint,70980,https://www.divan.ru/product/modulnyj-divan-ribbl-1-bucle-mint
Диван Риббл-7 Bucle Mint,47990,https://www.divan.ru/product/divan-ribbl-7-bucle-mint
Диван Лофт Linia Navy Blue,39990,https://www.divan.ru/product/divan-loft-linia-navy-blue
Диван Кела Мини Velvet Grafit,34990,https://www.divan.ru/product/divan-kela-mini-velvet-grafit
Диван Эби Мини Linia Ginger,54990,https://www.divan.ru/product/divan-abi-mini-linia-ginger
Диван Массе Velvet Silver,56990,https://www.divan.ru/product/divan-masse-velvet-silver
Диван Риббл-7 Bucle Beige,47990,https://www.divan.ru/product/divan-ribbl-7-bucle-beige
Модульный диван Риббл-3 Bucle Beige,141970,https://www.divan.ru/product/modulnyj-divan-ribbl-3-bucle-beige
Диван Льери Bucle White,86990,https://www.divan.ru/product/divan-leri-bucle-white
Диван Лонди Bucle Smoky,49990,https://www.divan.ru/product/divan-londi-bucle-smoky
Модульный диван Риббл-4 Bucle Forest,139970,https://www.divan.ru/product/modulnyj-divan-ribbl-4-bucle-forest
Диван Кускен Velvet Mint,36990,https://www.divan.ru/product/divan-kusken-velvet-mint
Диван Кускен Velvet Yellow,36990,https://www.divan.ru/product/divan-kusken-velvet-yellow
Модульный диван Риббл-3 Bucle Lilac,141970,https://www.divan.ru/product/modulnyj-divan-ribbl-3-bucle-lilac
Диван Маркфул Velvet Yellow,59990,https://www.divan.ru/product/divan-markful-velvet-yellow
Диван угловой Амрано Velvet Coral,39990,https://www.divan.ru/product/divan-uglovoj-amrano-velvet-coral
Диван Кела Мини Velvet Silver,34990,https://www.divan.ru/product/divan-kela-mini-velvet-silver
Диван Аркет-3 Velvet Yellow,49990,https://www.divan.ru/product/divan-arket-3-velvet-yellow
Диван Риббл-10 Bucle Eclipce,75990,https://www.divan.ru/product/divan-ribbl-10-bucle-eclipce
Диван Риббл-6 Bucle Lilac,47990,https://www.divan.ru/product/divan-ribbl-6-bucle-lilac
Диван Милкен Velvet Mint,32990,https://www.divan.ru/product/divan-milken-velvet-mint
Диван Риббл-6 Bucle Eclipce,47990,https://www.divan.ru/product/divan-ribbl-6-bucle-eclipce
Диван угловой Амрано Velvet Blue,39990,https://www.divan.ru/product/divan-uglovoj-amrano-velvet-blue
Диван Аркет-3 Velvet Smoke,49990,https://www.divan.ru/product/divan-arket-3-velvet-smoke
Диван Стаус Velvet Terra,29990,https://www.divan.ru/product/divan-staus-velvet-terra
Диван Ольен Velvet Olive,62990,https://www.divan.ru/product/divan-olen-velvet-olive
Диван Риббл-10 Bucle Mint,75990,https://www.divan.ru/product/divan-ribbl-10-bucle-mint
Диван угловой Дисент-1 Soft Grey,89990,https://www.divan.ru/product/divan-uglovoj-disent-1-soft-grey
Диван Стаус Velvet Blue,29990,https://www.divan.ru/product/divan-staus-velvet-blue
Диван Винси Velvet Mint,22990,https://www.divan.ru/product/divan-vinsi-velvet-mint
Диван Риббл-11 Bucle Eclipce,75990,https://www.divan.ru/product/divan-ribbl-11-bucle-eclipce
Диван Риббл-1 Bucle Beige,62990,https://www.divan.ru/product/divan-ribbl-1-bucle-beige
Модульный диван Риббл-1 Bucle Beige,70980,https://www.divan.ru/product/modulnyj-divan-ribbl-1-bucle-beige
Диван Риббл-2 Bucle Forest,62990,https://www.divan.ru/product/divan-ribbl-2-bucle-forest
Диван Риббл-1 Bucle Forest,62990,https://www.divan.ru/product/divan-ribbl-1-bucle-forest
Диван Риббл-11 Bucle Mint,75990,https://www.divan.ru/product/divan-ribbl-11-bucle-mint
Диван Риббл-2 Bucle Mint,62990,https://www.divan.ru/product/divan-ribbl-2-bucle-mint
Диван Аркет-2 Velvet Light,32990,https://www.divan.ru/product/divan-arket-2-velvet-light
Диван Роттердам-3 Velvet Black,30990,https://www.divan.ru/product/divan-rotterdam-3-velvet-black
Диван Ларонсо Soft Terra,74990,https://www.divan.ru/product/divan-laronso-soft-terra
Диван Байма Velvet Blue,66990,https://www.divan.ru/product/divan-bajma-velvet-blue
Модульный диван Риббл-4 Bucle Beige,139970,https://www.divan.ru/product/modulnyj-divan-ribbl-4-bucle-beige
Диван Риббл-1 Bucle Mint,62990,https://www.divan.ru/product/divan-ribbl-1-bucle-mint
Диван Аркет-3 Velvet Olive,39990,https://www.divan.ru/product/divan-arket-3-velvet-olive
Модульный диван Риббл-2 Bucle Forest,117980,https://www.divan.ru/product/modulnyj-divan-ribbl-2-bucle-forest
Диван Маре Мини Velvet Yellow,26990,https://www.divan.ru/product/divan-mare-mini-velvet-yellow-new
Модульный диван Риббл-4 Bucle Lilac,139970,https://www.divan.ru/product/modulnyj-divan-ribbl-4-bucle-lilac
Диван Коренс Happy Mint,28990,https://www.divan.ru/product/divan-korens-happy-mint
Диван Тут Рядом Дом Желтый,69990,https://www.divan.ru/product/divan-tut-ryadom-dom-jeltyj
Диван Аркет-3 Velvet Light,39990,https://www.divan.ru/product/divan-arket-3-velvet-light
Диван Риббл-2 Bucle Beige,62990,https://www.divan.ru/product/divan-ribbl-2-bucle-beige
Диван Дара Happy Mint,39990,https://www.divan.ru/product/divan-dara-happy-mint
Модульный диван Риббл-2 Bucle Beige,117980,https://www.divan.ru/product/modulnyj-divan-ribbl-2-bucle-beige
Диван угловой Стаус Velvet Stone,34990,https://www.divan.ru/product/divan-uglovoj-staus-velvet-stone
Диван угловой Динс Velvet Yellow,52990,https://www.divan.ru/product/divan-uglovoj-dins-velvet-yellow
Диван Коренс-3 Happy Mint,30990,https://www.divan.ru/product/divan-korens-3-happy-mint
Диван Кинси-3 Land Black,54990,https://www.divan.ru/product/divan-kinsi-3-land-black
Модульный диван Риббл-2 Bucle Lilac,117980,https://www.divan.ru/product/modulnyj-divan-ribbl-2-bucle-lilac
Диван Дисент Time Ocean,74990,https://www.divan.ru/product/divan-disent-time-ocean
Диван угловой Стаус Velvet Grey,34990,https://www.divan.ru/product/divan-uglovoj-staus-velvet-grey
Диван Кинси-2 Land Marsala,46990,https://www.divan.ru/product/divan-kinsi-2-land-marsala
Диван Роттердам-3 Velvet Light,30990,https://www.divan.ru/product/divan-rotterdam-3-velvet-light
Диван Риббл-10 Bucle Lilac,75990,https://www.divan.ru/product/divan-ribbl-10-bucle-lilac
Диван угловой Стаус Velvet Terra,34990,https://www.divan.ru/product/divan-uglovoj-staus-velvet-terra
Диван Кинси-2 Land Black,46990,https://www.divan.ru/product/divan-kinsi-2-land-black
Диван Коренс Happy Yellow,28990,https://www.divan.ru/product/divan-korens-happy-yellow
Диван Саннес Velvet Light,44990,https://www.divan.ru/product/divan-sannes-velvet-light
Диван угловой Стаус Velvet Olive,34990,https://www.divan.ru/product/divan-uglovoj-staus-velvet-olive
Модульный диван Риббл-2 Bucle Eclipce,117980,https://www.divan.ru/product/modulnyj-divan-ribbl-2-bucle-eclipce
Диван Линс Velvet Emerald,26990,https://www.divan.ru/product/divan-lins-velvet-emerald
Диван угловой Дисент-2 Velvet Ocean,99990,https://www.divan.ru/product/divan-uglovoj-disent-time-ocean
Диван Стаус Velvet Stone,29990,https://www.divan.ru/product/divan-staus-velvet-stone
Диван угловой Плэнтис Soft Olive,109990,https://www.divan.ru/product/divan-uglovoj-plentis-soft-olive
Диван Риббл-7 Bucle Forest,47990,https://www.divan.ru/product/divan-ribbl-7-bucle-forest
Диван Гарди Soft Pink,29990,https://www.divan.ru/product/divan-gardi-soft-pink
Диван угловой Сайле Barhat Stone,139990,https://www.divan.ru/product/divan-uglovoj-sajle-barhat-stone
Диван Стаус Velvet Grey,29990,https://www.divan.ru/product/divan-staus-velvet-grey
Диван Порту Textile Yellow,24990,https://www.divan.ru/product/divan-portu-textile-yellow
Диван Бонс-Т Happy Light,39990,https://www.divan.ru/product/divan-bons-t-happy-light
Диван Саннес Velvet Grey,44990,https://www.divan.ru/product/divan-sannes-velvet-grey
Диван угловой Дисент-1 Soft Night,89990,https://www.divan.ru/product/divan-uglovoj-disent-1-soft-night
Модульный диван Риббл-2 Bucle Mint,117980,https://www.divan.ru/product/modulnyj-divan-ribbl-2-bucle-mint
Модульный диван Сэндж 2 Textile Sky,55970,https://www.divan.ru/product/modulnyj-divan-sendj-2-textile-sky
Диван угловой Стаус Velvet Blue,34990,https://www.divan.ru/product/divan-uglovoj-staus-velvet-blue
Диван Лачи Velvet Silver,25990,https://www.divan.ru/product/divan-lachi-velvet-silver
Модульный диван Риббл-5 Bucle Beige,177960,https://www.divan.ru/product/modulnyj-divan-ribbl-5-bucle-beige
Диван Маре Мини Velvet Mint,26990,https://www.divan.ru/product/divan-mare-mini-velvet-mint-new
Диван Саннес Velvet Silver,44990,https://www.divan.ru/product/divan-sannes-velvet-silver
Диван Кела Мини Velvet Beige,34990,https://www.divan.ru/product/divan-kela-mini-velvet-beige
Диван Кинси-3 Land Grafit,54990,https://www.divan.ru/product/divan-kinsi-3-land-grafit
Диван угловой Дисент-1 Soft Toffe,89990,https://www.divan.ru/product/divan-uglovoj-disent-1-soft-toffe
Модульный диван Риббл-3 Bucle Eclipce,141970,https://www.divan.ru/product/modulnyj-divan-ribbl-3-bucle-eclipce
Диван Ольен Мини Happy Mint,49990,https://www.divan.ru/product/divan-olen-mini-happy-mint
Диван Ольен Мини Happy Grafit,49990,https://www.divan.ru/product/divan-olen-mini-happy-grafit
Диван Стаус Velvet Olive,29990,https://www.divan.ru/product/divan-staus-velvet-olive
Диван Слипсон Мини Linia Silver,52990,https://www.divan.ru/product/divan-slipson-mini-linia-silver
Модульный диван Этен 3 Vertical Terra,127940,https://www.divan.ru/product/modulnyj-divan-eten-3-vertical-terra
Диван угловой Сайле Barhat Silver,139990,https://www.divan.ru/product/divan-uglovoj-sajle-barhat-silver
Диван Кинси-2 Land Grafit,46990,https://www.divan.ru/product/divan-kinsi-2-land-grafit
Диван Данста Textile Silver,72990,https://www.divan.ru/product/divan-dansta-textile-silver
Диван угловой Порту Textile Silver,32990,https://www.divan.ru/product/divan-uglovoj-portu-textile-silver
Модульный диван Риббл-4 Bucle Mint,139970,https://www.divan.ru/product/modulnyj-divan-ribbl-4-bucle-mint
Диван угловой Мисл-1 Barhat Stone,99990,https://www.divan.ru/product/divan-uglovoj-misl-1-barhat-stone
Диван Риббл-7 Bucle Lilac,47990,https://www.divan.ru/product/divan-ribbl-7-bucle-lilac
Диван Гарди Soft Jungle,29990,https://www.divan.ru/product/divan-gardi-soft-jungle
Модульный диван Этен 4 Vertical Grafit,183920,https://www.divan.ru/product/modulnyj-divan-eten-4-vertical-grafit
Диван Кинси-3 Land Marsala,54990,https://www.divan.ru/product/divan-kinsi-3-land-marsala
Диван Риббл-11 Bucle Beige,75990,https://www.divan.ru/product/divan-ribbl-11-bucle-beige
Диван Винси Textile Ginger,23990,https://www.divan.ru/product/divan-vinsi-textile-ginger
Модульный диван Полан-1 Velvet Mint,65970,https://www.divan.ru/product/modulnyj-divan-polan-1-velvet-mint
Диван угловой Дисент-1 Soft Milk,89990,https://www.divan.ru/product/divan-uglovoj-disent-1-soft-milk
Диван Риббл-6 Bucle Beige,47990,https://www.divan.ru/product/divan-ribbl-6-bucle-beige
Диван Порту Textile Light,24990,https://www.divan.ru/product/divan-portu-textile-light
Диван угловой Беллер Textile Ocean,36990,https://www.divan.ru/product/divan-uglovoj-beller-textile-ocean
Диван Сите-2 Barhat Beige,26990,https://www.divan.ru/product/divan-site-2-barhat-beige
Диван Бонс-Т Happy Grey,39990,https://www.divan.ru/product/divan-bons-t-happy-grey
Диван Динс Мини Velvet Blue,46990,https://www.divan.ru/product/divan-dins-mini-velvet-blue
Диван Коренс-3 Happy Grey,30990,https://www.divan.ru/product/divan-korens-3-happy-grey
Диван Коренс-3 Happy Grafit,30990,https://www.divan.ru/product/divan-korens-3-happy-grafit
Диван Льери Мини Velvet Coral,56990,https://www.divan.ru/product/divan-leri-mini-velvet-coral
Диван Бонс-Т Happy Deep Ocean,39990,https://www.divan.ru/product/divan-bons-t-happy-deep-ocean
Диван Риббл-1 Bucle Eclipce,62990,https://www.divan.ru/product/divan-ribbl-1-bucle-eclipce
Диван Самми Velvet Beige,26990,https://www.divan.ru/product/divan-sammi-velvet-beige
Диван Льери Barhat Emerald,72990,https://www.divan.ru/product/divan-leri-barhat-emerald
Диван Кареро Bucle Mint,74990,https://www.divan.ru/product/divan-karero-bucle-mint
Модульный диван Сэндж 2 Textile Ocean,55970,https://www.divan.ru/product/modulnyj-divan-sendj-2-textile-ocean
Диван угловой Дарол Happy Emerald,59990,https://www.divan.ru/product/divan-uglovoj-darol-happy-emerald
Диван угловой Порту Textile Yellow,32990,https://www.divan.ru/product/divan-uglovoj-portu-textile-yellow
Диван угловой Нумо Velvet Pink,44990,https://www.divan.ru/product/divan-uglovoj-numo-velvet-pink
Диван Коренс Happy Grafit,28990,https://www.divan.ru/product/divan-korens-happy-grafit
Диван Маркфул Velvet Ocean,59990,https://www.divan.ru/product/divan-markful-velvet-ocean
Диван Риббл-1 Bucle Lilac,62990,https://www.divan.ru/product/divan-ribbl-1-bucle-lilac
Диван Роттердам-3 Velvet Pink,30990,https://www.divan.ru/product/divan-rotterdam-3-velvet-pink
Диван Маркфул Velvet Blue,59990,https://www.divan.ru/product/divan-markful-velvet-blue
Модульный диван Brera-1 Velour Black,192950,https://www.divan.ru/product/modulnyj-divan-brera-1-velour-black
Диван Мира Velvet Pink,29990,https://www.divan.ru/product/divan-mira-velvet-pink
Диван Тут Рядом Дом Оранжевый,69990,https://www.divan.ru/product/divan-tut-ryadom-dom-oranjevyj
Диван Милкен Vertical Jeans,32990,https://www.divan.ru/product/divan-milken-vertical-jeans
Диван Эби Мини Linia Yellow,54990,https://www.divan.ru/product/divan-abi-mini-linia-yellow
Модульный диван Brera-2 Velour Smoke,99980,https://www.divan.ru/product/modulnyj-divan-brera-2-velour-smoke
Диван Риббл-11 Bucle White,75990,https://www.divan.ru/product/divan-ribbl-11-bucle-white
Диван угловой Маркфул Velvet Yellow,76990,https://www.divan.ru/product/divan-uglovoj-markful-velvet-yellow
Диван Рейли Velvet Grey,29990,https://www.divan.ru/product/divan-rejli-velvet-grey
Диван Ольен Happy Grafit,62990,https://www.divan.ru/product/divan-olen-happy-grafit
Модульный диван Brera-4 Velour Cinnamon,152970,https://www.divan.ru/product/modulnyj-divan-brera-4-velour-cinnamon
Диван Мисл Barhat Stone,66990,https://www.divan.ru/product/divan-misl-barhat-stone
Модульный диван Риббл-5 Bucle Forest,177960,https://www.divan.ru/product/modulnyj-divan-ribbl-5-bucle-forest
Диван Льери-1 Soft Navy Blue,55990,https://www.divan.ru/product/divan-leri-1-soft-navy-blue
Диван угловой Виена Bucle Silver,79990,https://www.divan.ru/product/divan-uglovoj-viena-bucle-silver
Диван угловой Онте Textile Grey,89990,https://www.divan.ru/product/divan-uglovoj-onte-textile-grey
Модульный диван Brera-6 Velour Olive,166960,https://www.divan.ru/product/modulnyj-divan-brera-6-velour-olive
Диван Арил Velvet Emerald,42990,https://www.divan.ru/product/divan-aril-velvet-emerald
Диван Данста Textile Honey,72990,https://www.divan.ru/product/divan-dansta-textile-honey
Диван угловой Порту Textile Grafit,32990,https://www.divan.ru/product/divan-uglovoj-portu-textile-grafit
Модульный диван Brera-8 Velour Mix,117970,https://www.divan.ru/product/modulnyj-divan-brera-8-velour-mix
Диван Кареро Time Grey,66990,https://www.divan.ru/product/divan-karero-time-grey
Диван Мисл Barhat Gold,66990,https://www.divan.ru/product/divan-misl-barhat-gold
Диван Дара Happy Ocean,39990,https://www.divan.ru/product/divan-dara-happy-ocean
Диван Роттердам-3 Velvet Yellow,30990,https://www.divan.ru/product/divan-rotterdam-3-velvet-yellow
Диван угловой Порту Textile Brown,32990,https://www.divan.ru/product/divan-uglovoj-portu-textile-brown
Диван угловой Онте Textile Night,89990,https://www.divan.ru/product/divan-uglovoj-onte-textile-night
Диван угловой Дисент-2 Land Light,119990,https://www.divan.ru/product/divan-uglovoj-disent-land-light
Диван угловой Порту Textile Ocean,32990,https://www.divan.ru/product/divan-uglovoj-portu-textile-ocean
Диван Brera Velour Caramel,89990,https://www.divan.ru/product/divan-brera-velour-caramel
Диван Кареро Bucle Beige,74990,https://www.divan.ru/product/divan-karero-bucle-beige
Диван Дара Happy Grey,39990,https://www.divan.ru/product/divan-dara-happy-grey
Диван угловой Плэнтис Velvet Beige,89990,https://www.divan.ru/product/divan-uglovoj-plentis-velvet-beige
Диван Порту Textile Silver,24990,https://www.divan.ru/product/divan-portu-textile-silver
Диван Лилле Velvet Light,42990,https://www.divan.ru/product/divan-lille-velvet-light
Диван Маркфул Velvet Coral,59990,https://www.divan.ru/product/divan-markful-velvet-coral
Диван Ситено Barhat Gold,49990,https://www.divan.ru/product/divan-siteno-barhat-gold
Модульный диван Этен Vertical Terra,73960,https://www.divan.ru/product/modulnyj-divan-eten-vertical-terra
Диван Порту Textile Ocean,24990,https://www.divan.ru/product/divan-portu-textile-ocean
Диван угловой Дарол Happy Grafit,59990,https://www.divan.ru/product/divan-uglovoj-darol-happy-grafit
Диван Порту Textile Grafit,24990,https://www.divan.ru/product/divan-portu-textile-grafit
Диван Дисент Land Light,86990,https://www.divan.ru/product/divan-disent-land-light
Диван Сваут Velvet Ocean,62990,https://www.divan.ru/product/divan-svaut-velvet-ocean
Диван Мира Velvet Olive,29990,https://www.divan.ru/product/divan-mira-velvet-olive
Диван угловой Эби-2 Gene Ocean,89990,https://www.divan.ru/product/divan-uglovoj-abi-2-happy-deep-ocean
Диван угловой Эби-1 Gene Ocean,66990,https://www.divan.ru/product/divan-uglovoj-abi-1-happy-deep-ocean
Диван Самми Velvet Plum,26990,https://www.divan.ru/product/divan-sammi-velvet-plum
Диван угловой Беллер Textile Navy Blue,36990,https://www.divan.ru/product/divan-uglovoj-beller-textile-navy-blue
Диван Виенсо Cozy Beige,66990,https://www.divan.ru/product/divan-vienso-cozy-beige
Диван Кита Textile Ocean,29990,https://www.divan.ru/product/divan-kita-textile-ocean
Диван Гарди Soft Grey,29990,https://www.divan.ru/product/divan-gardi-soft-grey
Диван Кареро Bucle Lilak,74990,https://www.divan.ru/product/divan-karero-bucle-lilak
Диван Слипсон Мини Linia Beige,52990,https://www.divan.ru/product/divan-slipson-mini-linia-beige
Диван Маркфул Velvet Emerald,59990,https://www.divan.ru/product/divan-markful-velvet-emerald
Диван Саннес Velvet Terra,44990,https://www.divan.ru/product/divan-sannes-velvet-terra
Диван Тут Рядом Дом Зеленый,69990,https://www.divan.ru/product/divan-tut-ryadom-dom-zelenyj
Диван угловой Льери Barhat Silver,89990,https://www.divan.ru/product/divan-uglovoj-leri-barhat-silver
Диван Шилдс Textile Grey,69990,https://www.divan.ru/product/divan-shilds-textile-grey
Диван Викс Textile Yellow,21990,https://www.divan.ru/product/divan-viks-textile-yellow
Диван Нумо Velvet Latte,35990,https://www.divan.ru/product/divan-numo-velvet-latte
Модульный диван Brera-4 Velour Olive,152970,https://www.divan.ru/product/modulnyj-divan-brera-4-velour-olive
Модульный диван Полан-4 Velvet Beige,91960,https://www.divan.ru/product/modulnyj-divan-polan-4-velvet-beige
Диван Мисл Barhat Emerald,66990,https://www.divan.ru/product/divan-misl-barhat-emerald
Модульный диван Brera-7 Velour Forest,167970,https://www.divan.ru/product/modulnyj-divan-brera-7-velour-forest
Модульный диван Сэндж 1 Textile Light,61970,https://www.divan.ru/product/modulnyj-divan-sendj-1-textile-light
Диван Дара Happy Yellow,39990,https://www.divan.ru/product/divan-dara-happy-yellow
Диван угловой Онте Bucle Mint,82990,https://www.divan.ru/product/divan-uglovoj-onte-bucle-mint
Диван Стаус Velvet Smoke,29990,https://www.divan.ru/product/divan-staus-velvet-smoke
Диван Мира Velvet Navy Blue,29990,https://www.divan.ru/product/divan-mira-velvet-navy-blue
Диван Виенсо Bucle Grey,74990,https://www.divan.ru/product/divan-vienso-bucle-grey
Модульный диван Полан-1 Velvet Beige,65970,https://www.divan.ru/product/modulnyj-divan-polan-1-velvet-beige
Диван Льери Мини Velvet Yellow,56990,https://www.divan.ru/product/divan-leri-mini-velvet-yellow
Диван Саннес Velvet Olive,44990,https://www.divan.ru/product/divan-sannes-velvet-olive
Модульный диван Brera-4 Velour Cherry,152970,https://www.divan.ru/product/modulnyj-divan-brera-4-velour-cherry
Диван Льери Barhat Gold,72990,https://www.divan.ru/product/divan-leri-barhat-gold
Диван Мона Barhat Amber,26990,https://www.divan.ru/product/divan-mona-barhat-amber
Диван Brera Velour Mix,89990,https://www.divan.ru/product/divan-brera-velour-mix
Диван Самми Velvet Olive,26990,https://www.divan.ru/product/divan-sammi-velvet-olive
Диван Кускен Vertiсal Lavender,36990,https://www.divan.ru/product/divan-kusken-vertisal-lavender
Диван Кела Мини Velvet Yellow,36990,https://www.divan.ru/product/divan-kela-mini-velvet-yellow
Диван угловой Ситено Barhat Mint,59990,https://www.divan.ru/product/divan-uglovoj-siteno-barhat-mint
Диван Ларонсо Soft Blue,74990,https://www.divan.ru/product/divan-laronso-soft-blue
Диван угловой Сайле Velvet Emerald,139990,https://www.divan.ru/product/divan-uglovoj-sajle-velvet-emerald
Диван Эби Happy Grey,62990,https://www.divan.ru/product/divan-abi-happy-grey
Диван Кареро Bucle Pink,74990,https://www.divan.ru/product/divan-karero-bucle-pink
Модульный диван Полан-3 Velvet Beige,66960,https://www.divan.ru/product/modulnyj-divan-polan-3-velvet-beige
Диван Ситено Barhat Mint,49990,https://www.divan.ru/product/divan-siteno-barhat-mint
Диван Эби Happy Emerald,62990,https://www.divan.ru/product/divan-abi-happy-emerald
Диван Ольен Мини Happy Emerald,49990,https://www.divan.ru/product/divan-olen-mini-happy-emerald
Модульный диван Сэндж 3 Textile Light,74960,https://www.divan.ru/product/modulnyj-divan-sendj-3-textile-light
Диван Ларонсо Soft Latte,74990,https://www.divan.ru/product/divan-laronso-soft-latte
Диван угловой Эби-2 Happy Mint,94990,https://www.divan.ru/product/divan-uglovoj-abi-2-happy-mint
Диван угловой Мисл-1 Barhat Melon,99990,https://www.divan.ru/product/divan-uglovoj-misl-1-barhat-melon
Диван Арил Velvet Pink,42990,https://www.divan.ru/product/divan-aril-velvet-pink
Диван Викс Textile Grafit,21990,https://www.divan.ru/product/divan-viks-textile-grafit
Диван Лонди Cozy Beige,49990,https://www.divan.ru/product/divan-londi-cozy-beige
Модульный диван Этен 2 Vertical Silver,133940,https://www.divan.ru/product/modulnyj-divan-eten-2-vertical-silver
Модульный диван Сэндж 3 Textile Ocean,74960,https://www.divan.ru/product/modulnyj-divan-sendj-3-textile-ocean
Диван Мира Velvet Latte,29990,https://www.divan.ru/product/divan-mira-velvet-latte
Диван Види Textile Navy Blue,22990,https://www.divan.ru/product/divan-vidi-textile-navy-blue
Диван Виенсо Bucle Ginger,74990,https://www.divan.ru/product/divan-vienso-bucle-ginger
Диван Самми Velvet Midnight,26990,https://www.divan.ru/product/divan-sammi-velvet-midnight
Диван Роттердам Velvet Light,23990,https://www.divan.ru/product/divan-rotterdam-velvet-light
Диван Тилар Textile Navy Blue,27990,https://www.divan.ru/product/divan-tilar-textile-navy-blue
Диван Бонс-Т Happy Emerald,39990,https://www.divan.ru/product/divan-bons-t-happy-emerald
Модульный диван Сэндж 3 Textile Sky,74960,https://www.divan.ru/product/modulnyj-divan-sendj-3-textile-sky
Модульный диван Этен 4 Vertical Silver,183920,https://www.divan.ru/product/modulnyj-divan-eten-4-vertical-silver
Диван Бонс-Т Happy Mint,39990,https://www.divan.ru/product/divan-bons-t-happy-mint
Диван угловой Байвин-2 Soft Navy Blue,94990,https://www.divan.ru/product/divan-uglovoj-bajvin-2-soft-navy-blue
Диван Лонди Cozy Ivory,49990,https://www.divan.ru/product/divan-londi-cozy-ivory
Модульный диван Сэндж 1 Textile Ocean,61970,https://www.divan.ru/product/modulnyj-divan-sendj-1-textile-ocean
Диван угловой Мисл-1 Barhat Emerald,99990,https://www.divan.ru/product/divan-uglovoj-misl-1-barhat-emerald
Диван Кареро Bucle Silver,74990,https://www.divan.ru/product/divan-karero-bucle-silver
Диван угловой Ситено Barhat Gold,59990,https://www.divan.ru/product/divan-uglovoj-siteno-barhat-gold
Диван Мира Velvet Light,29990,https://www.divan.ru/product/divan-mira-velvet-light
Модульный диван Этен 1 Vertical Silver,103950,https://www.divan.ru/product/modulnyj-divan-eten-1-vertical-silver
Диван угловой Порту Textile Light,32990,https://www.divan.ru/product/divan-uglovoj-portu-textile-light
Модульный диван Этен 3 Vertical Silver,127940,https://www.divan.ru/product/modulnyj-divan-eten-3-vertical-silver
Диван угловой Беллер Textile Silver,36990,https://www.divan.ru/product/divan-uglovoj-beller-textile-silver
Модульный диван Полан-5 Velvet Mint,117950,https://www.divan.ru/product/modulnyj-divan-polan-5-velvet-mint
Модульный диван Сэндж 1 Textile Sky,61970,https://www.divan.ru/product/modulnyj-divan-sendj-1-textile-sky
Диван Гарди Soft Toffe,29990,https://www.divan.ru/product/divan-gardi-soft-toffe
Диван Льери Мини Velvet Grey,56990,https://www.divan.ru/product/divan-leri-mini-velvet-latte
Диван Мира Velvet Grey,29990,https://www.divan.ru/product/divan-mira-velvet-grey
Модульный диван Полан-3 Velvet Mint,66960,https://www.divan.ru/product/modulnyj-divan-polan-3-velvet-mint
Диван Роттердам Velvet Grey,23990,https://www.divan.ru/product/divan-rotterdam-velvet-grey
Диван Порту Textile Brown,24990,https://www.divan.ru/product/divan-portu-textile-brown
Диван Ларонсо Soft Pearl,74990,https://www.divan.ru/product/divan-laronso-soft-pearl
Диван Сваут Velvet Emerald,62990,https://www.divan.ru/product/divan-svaut-velvet-emerald
Диван Самми Velvet Emerald,26990,https://www.divan.ru/product/divan-sammi-velvet-emerald
Диван угловой Майнап Velvet Grey,46990,https://www.divan.ru/product/divan-uglovoj-majnap-velvet-grey
Диван угловой Маркфул Velvet Emerald,76990,https://www.divan.ru/product/divan-uglovoj-markful-velvet-emerald
Модульный диван Сэндж 1 Textile Yellow,61970,https://www.divan.ru/product/modulnyj-divan-sendj-1-textile-yellow
Диван Байвин Soft Grey,59990,https://www.divan.ru/product/divan-bajvin-soft-grey
Диван угловой Нумо Velvet Grafit,44990,https://www.divan.ru/product/divan-uglovoj-numo-velvet-grafit
Диван Ольен Мини Happy Yellow,49990,https://www.divan.ru/product/divan-olen-mini-happy-yellow
Диван угловой Беллер Textile Grafit,36990,https://www.divan.ru/product/divan-uglovoj-beller-textile-grafit
Диван угловой Ситено Barhat Stone,59990,https://www.divan.ru/product/divan-uglovoj-siteno-barhat-stone
Диван Льери Barhat Silver,72990,https://www.divan.ru/product/divan-leri-barhat-silver
Модульный диван Полан-5 Velvet Beige,117950,https://www.divan.ru/product/modulnyj-divan-polan-5-velvet-beige
Модульный диван Полан-2 Velvet Beige,83960,https://www.divan.ru/product/modulnyj-divan-polan-2-velvet-beige
Диван Викс Textile Silver,21990,https://www.divan.ru/product/divan-viks-textile-silver
Диван Лачи Velvet Emerald,25990,https://www.divan.ru/product/divan-lachi-velvet-emerald
Диван Види Textile Grey,22990,https://www.divan.ru/product/divan-vidi-textile-grey
Диван Кускен Vertiсal Jeans,36990,https://www.divan.ru/product/divan-kusken-vertisal-jeans
Диван Ситено Barhat Emerald,49990,https://www.divan.ru/product/divan-siteno-barhat-emerald
Диван Винси Soft Navy Blue,20990,https://www.divan.ru/product/divan-vinsi-soft-navy-blue
Диван угловой Маркфул Velvet Grey,76990,https://www.divan.ru/product/divan-uglovoj-markful-velvet-grey
Диван Самми Velvet Coral,26990,https://www.divan.ru/product/divan-sammi-velvet-coral
Диван Лачи Velvet Beige,25990,https://www.divan.ru/product/divan-lachi-velvet-beige
Диван Байвин Soft Navy Blue,59990,https://www.divan.ru/product/divan-bajvin-soft-navy-blue
Диван угловой Льери Barhat Gold,89990,https://www.divan.ru/product/divan-uglovoj-leri-barhat-gold
Диван Арил Velvet Grafit,42990,https://www.divan.ru/product/divan-aril-velvet-grafit
Диван Динс Мини Velvet Emerald,46990,https://www.divan.ru/product/divan-dins-mini-time-emerald
Диван Викс Textile Light,21990,https://www.divan.ru/product/divan-viks-textile-light
Диван угловой Нумо Velvet Latte,44990,https://www.divan.ru/product/divan-uglovoj-numo-velvet-latte
Диван угловой Дарол Happy Ocean,59990,https://www.divan.ru/product/divan-uglovoj-darol-happy-ocean
Диван Ольен Мини Happy Grey,49990,https://www.divan.ru/product/divan-olen-mini-happy-grey
Диван Види Textile Corall,22990,https://www.divan.ru/product/divan-vidi-textile-corall
Диван Арил Velvet Grey,42990,https://www.divan.ru/product/divan-aril-velvet-grey
Модульный диван Полан-1 Velvet Light,65970,https://www.divan.ru/product/modulnyj-divan-polan-1-velvet-light
Диван угловой Байвин-1 Soft Grey,72990,https://www.divan.ru/product/divan-uglovoj-bajvin-1-soft-grey
Диван Арил Velvet Navy Blue,42990,https://www.divan.ru/product/divan-aril-velvet-navy-blue
Модульный диван Полан-2 Velvet Light,83960,https://www.divan.ru/product/modulnyj-divan-polan-2-velvet-light
Диван Дара Happy Latte,39990,https://www.divan.ru/product/divan-dara-happy-latte
Диван Линс Velvet Yellow,26990,https://www.divan.ru/product/divan-lins-velvet-yellow
Модульный диван Полан-3 Velvet Light,66960,https://www.divan.ru/product/modulnyj-divan-polan-3-velvet-light
Диван Сите-3 Barhat Beige,32990,https://www.divan.ru/product/divan-site-3-barhat-beige
Диван угловой Байвин-1 Soft Navy Blue,72990,https://www.divan.ru/product/divan-uglovoj-bajvin-1-soft-navy-blue
Диван Маркфул Velvet Grey,59990,https://www.divan.ru/product/divan-markful-velvet-grey
Диван угловой Маркфул Velvet Coral,76990,https://www.divan.ru/product/divan-uglovoj-markful-velvet-coral
Диван Маркфул Velvet Light,59990,https://www.divan.ru/product/divan-markful-velvet-light
Диван угловой Байвин-2 Soft Grey,94990,https://www.divan.ru/product/divan-uglovoj-bajvin-2-soft-grey
Диван Ларонсо Soft Silver,74990,https://www.divan.ru/product/divan-laronso-soft-silver
Диван Эби Мини Linia Mint,54990,https://www.divan.ru/product/divan-abi-mini-linia-mint
Диван Нумо Velvet Pink,35990,https://www.divan.ru/product/divan-numo-velvet-pink
Диван Нумо Мини Textile Sky,22990,https://www.divan.ru/product/divan-numo-mini-textile-sky
Диван Виена Velvet Corall,56990,https://www.divan.ru/product/divan-viena-velvet-corall
Диван Бонент Velvet Eclipse,69990,https://www.divan.ru/product/divan-bonent-velvet-eclipse
Диван угловой Нумо Velvet Light,44990,https://www.divan.ru/product/divan-uglovoj-numo-velvet-light
Диван Эби Мини Linia Stone,54990,https://www.divan.ru/product/divan-abi-mini-linia-stone
Диван Эби Мини Linia Silver,54990,https://www.divan.ru/product/divan-abi-mini-linia-silver
Диван Лонди Bucle Marble,49990,https://www.divan.ru/product/divan-londi-bucle-marble
Диван угловой Амрано Velvet Grey,39990,https://www.divan.ru/product/divan-uglovoj-amrano-velvet-grey
Модульный диван Полан-3 Velvet Smoke,66960,https://www.divan.ru/product/modulnyj-divan-polan-3-velvet-smoke
Диван Лави Velvet Terra,36990,https://www.divan.ru/product/divan-lavi-velvet-terra
Модульный диван Полан-4 Velvet Smoke,91960,https://www.divan.ru/product/modulnyj-divan-polan-4-velvet-smoke
Диван угловой Эдвин Velvet Light,69990,https://www.divan.ru/product/divan-uglovoj-edvin-velvet-light
Диван угловой Амрано Velvet Stone,39990,https://www.divan.ru/product/divan-uglovoj-amrano-velvet-stone
Диван угловой Стаус Velvet Smoke,34990,https://www.divan.ru/product/divan-uglovoj-staus-velvet-smoke
Диван Тилар Textile Beige,27990,https://www.divan.ru/product/divan-tilar-textile-beige
Модульный диван Этен 3 Vertical Mix,127940,https://www.divan.ru/product/modulnyj-divan-eten-3-vertical-mix-old-08-06-2022-jeans
Модульный диван Этен Vertical Beige,73960,https://www.divan.ru/product/modulnyj-divan-eten-vertical-beige
Диван угловой Слипсон Emerald,59990,https://www.divan.ru/product/divan-uglovoj-slipson-emerald
Модульный диван Этен 2 Vertical Mint,133940,https://www.divan.ru/product/modulnyj-divan-eten-2-vertical-mint
Модульный диван Этен 2 Vertical Mix,133940,https://www.divan.ru/product/modulnyj-divan-eten-2-vertical-mix-old-21-06-2022-milk
Модульный диван Этен Vertical Mint,73960,https://www.divan.ru/product/modulnyj-divan-eten-vertical-mint
Диван Слипсон Happy Grafit,54990,https://www.divan.ru/product/divan-slipson-happy-grafit
Диван Слипсон Emerald,54990,https://www.divan.ru/product/divan-slipson-emerald
Диван Слипсон Мини Happy Yellow,52990,https://www.divan.ru/product/divan-slipson-mini-happy-yellow
Диван угловой Дисент-2 Velvet Corall,114990,https://www.divan.ru/product/divan-uglovoj-disent-velvet-coral
Диван Дисент Velvet Corall,84990,https://www.divan.ru/product/divan-disent-velvet-corall
Диван угловой Динс Velvet Terra,54990,https://www.divan.ru/product/divan-uglovoj-dins-velvet-terra
Диван Стаус Velvet Caramel,29990,https://www.divan.ru/product/divan-staus-velvet-caramel
Диван Тилар Cozy Milk,27990,https://www.divan.ru/product/divan-tilar-cozy-milk
Диван Боско-2 Land Yellow,36990,https://www.divan.ru/product/divan-bosko-2-land-yellow
Диван Боско-2 Land Milk,36990,https://www.divan.ru/product/divan-bosko-2-land-milk
Диван Боско-2 Land Yellow,36990,https://www.divan.ru/product/divan-bosko-2-land-yellow
Диван Боско-2 Land Milk,36990,https://www.divan.ru/product/divan-bosko-2-land-milk
Диван Боско-3 Land Yellow,46990,https://www.divan.ru/product/divan-bosko-3-land-yellow
Диван Боско-3 Land Milk,46990,https://www.divan.ru/product/divan-bosko-3-land-milk
Диван Динс Мини Velvet Yellow,46990,https://www.divan.ru/product/divan-dins-mini-velvet-yellow
